證券代號,證券名稱,成交股數,成交筆數,成交金額,開盤價,最高價,最低價,收盤價,漲跌(+/-),漲跌價差,最後揭示買價,最後揭示買量,最後揭示賣價,最後揭示賣量,本益比,Unnamed: 16
1101,台泥,18027435,"6,889",802203541,44.80,44.80,44.30,44.30,-,0.5,44.30,761,44.35,182,10.60,
1101B,台泥乙特,27340,30,1427280,52.20,52.30,52.10,52.30,-,0.1,52.10,8,52.30,9,0.00,
1102,亞泥,13051427,"6,986",551305459,42.75,42.95,42.00,42.10,-,0.8,42.10,69,42.15,23,11.66,
1103,嘉泥,357335,112,5934560,16.70,16.70,16.55,16.65,+,0.05,16.60,1,16.65,2,15.86,
1104,環泥,126738,92,2406881,18.95,19.10,18.95,18.95,,0.0,18.95,56,19.00,9,10.24,
1108,幸福,47500,23,325694,6.86,6.88,6.85,6.85,-,0.01,6.85,3,6.87,4,0.00,
1109,信大,644748,250,11041326,17.25,17.25,17.05,17.25,,0.0,17.20,25,17.25,12,6.98,
1110,東泥,22415,14,371547,16.60,16.65,16.50,16.60,,0.0,16.50,59,16.60,2,118.57,
1201,味全,4705079,"2,056",141567129,30.40,30.45,29.80,30.10,+,0.1,30.10,8,30.15,14,7.68,
1203,味王,28850,18,771764,26.75,26.80,26.75,26.75,,0.0,26.75,4,26.80,8,13.31,
1210,大成,1697730,"1,080",67705373,39.80,40.00,39.50,39.90,+,0.25,39.85,31,39.90,7,17.50,
1215,卜蜂,2720934,"1,689",193599093,71.00,71.60,70.30,71.40,+,1.1,71.30,2,71.40,3,20.58,
1216,統一,12776542,"5,195",1048313257,81.50,82.60,81.30,82.40,+,1.1,82.30,1,82.40,114,25.43,
1217,愛之味,486379,177,3497513,7.19,7.22,7.16,7.19,+,0.01,7.19,3,7.21,1,143.80,
1218,泰山,467336,206,9370770,20.05,20.15,20.00,20.00,-,0.05,20.00,33,20.10,6,19.80,
1219,福壽,12149,18,218412,18.00,18.05,17.95,18.00,+,0.1,18.00,1,18.10,3,0.00,
1220,台榮,78013,28,847587,10.85,10.90,10.80,10.80,,0.0,10.80,35,10.90,9,27.69,
1225,福懋油,88063,82,5021754,56.00,58.00,55.50,57.90,+,1.7,57.90,3,58.20,1,50.35,
1227,佳格,799844,574,47138996,59.00,59.00,58.50,59.00,+,0.2,58.90,23,59.10,10,17.88,
1229,聯華,1304238,828,50615894,38.60,38.95,38.50,38.95,+,0.35,38.90,43,38.95,26,13.67,
1231,聯華食,161700,124,7507566,46.40,46.60,46.30,46.35,-,0.2,46.35,2,46.45,1,14.90,
1232,大統益,70322,80,8484117,120.50,121.00,120.00,120.00,-,0.5,120.00,21,120.50,10,19.08,
1233,天仁,10000,10,385900,38.30,38.80,38.30,38.50,+,0.15,38.50,1,38.65,3,19.35,
1234,黑松,144187,107,4591621,31.85,31.90,31.80,31.90,X,0.0,31.85,9,31.95,2,17.24,
1235,興泰,5000,4,142100,28.30,28.60,28.30,28.60,+,0.1,28.30,2,28.60,1,40.28,
1236,宏亞,64031,15,864226,13.50,13.50,13.45,13.45,,0.0,13.40,7,13.45,2,0.00,
1256,鮮活果汁-KY,213509,208,46385007,219.00,222.00,214.50,222.00,+,4.5,221.00,5,222.00,3,14.61,
1262,綠悅-KY,349772,213,13735845,39.25,39.35,39.25,39.25,+,0.05,39.25,113,39.30,7,0.00,
1301,台塑,6318674,"2,652",638942248,101.00,101.50,100.50,101.50,+,0.5,101.00,172,101.50,616,14.10,
1303,南亞,8319167,"2,482",593434642,71.20,71.60,71.20,71.60,+,0.2,71.50,1,71.60,83,12.81,
1304,台聚,496669,227,5880583,11.85,11.85,11.80,11.80,X,0.0,11.80,205,11.85,154,23.14,
1305,華夏,7182766,"1,922",157855196,21.80,22.15,21.50,22.15,X,0.0,22.10,19,22.15,76,12.24,
1307,三芳,166091,122,3911143,23.45,23.75,23.40,23.50,+,0.15,23.50,12,23.55,2,30.92,
1308,亞聚,1342370,329,19123479,14.30,14.40,14.15,14.25,X,0.0,14.20,84,14.25,142,23.36,
1309,台達化,750954,297,7747071,10.40,10.40,10.25,10.30,X,0.0,10.25,200,10.30,3,15.85,
1310,台苯,1359812,551,33186153,24.35,24.50,24.30,24.40,+,0.05,24.40,49,24.50,104,11.14,
1312,國喬,5051321,"1,756",104555390,20.90,20.90,20.60,20.65,-,0.3,20.60,206,20.65,20,7.43,
1312A,國喬特,1000,1,33850,33.85,33.85,33.85,33.85,,0.0,33.30,11,33.85,10,0.00,
1313,聯成,325488,149,3598135,11.05,11.10,11.00,11.05,,0.0,11.05,151,11.10,102,78.93,
1314,中石化,5937895,"1,437",62069633,10.45,10.50,10.40,10.45,,0.0,10.45,192,10.50,"1,679",8.10,
1315,達新,31000,17,966850,31.20,31.45,31.05,31.05,-,0.15,31.05,1,31.10,10,24.45,
1316,上曜,815001,294,12809616,15.70,15.80,15.65,15.70,+,0.05,15.70,17,15.75,16,0.00,
1319,東陽,1062244,708,48197900,44.60,45.75,44.60,45.50,+,0.95,45.45,2,45.50,3,13.96,
1321,大洋,118000,34,3292400,27.90,27.95,27.85,27.85,-,0.05,27.85,23,28.00,15,0.00,
1323,永裕,113000,61,3804200,33.70,33.75,33.60,33.65,-,0.3,33.65,1,33.75,18,10.14,
1324,地球,4000,4,43400,10.85,10.85,10.85,10.85,,0.0,10.85,2,10.90,7,271.25,
1325,恆大,38372,26,605727,15.75,15.85,15.75,15.85,,0.0,15.75,12,15.85,6,21.42,
1326,台化,4323497,"2,532",416856744,96.20,97.30,96.10,96.10,-,0.1,96.10,52,96.20,40,12.64,
1337,再生-KY,757995,271,4640849,6.09,6.16,6.05,6.13,+,0.05,6.13,40,6.14,4,0.00,
1338,廣華-KY,491002,308,33672740,67.80,69.20,67.30,68.80,+,1.2,68.80,10,68.90,12,12.65,
1339,昭輝,121000,73,4408950,36.25,36.50,36.25,36.45,+,0.2,36.35,2,36.50,20,7.50,
1340,勝悅-KY,95530,79,1831100,19.15,19.25,19.10,19.20,+,0.05,19.20,5,19.25,18,112.94,
1341,富林-KY,8003,11,442462,55.20,55.40,55.20,55.40,+,1.1,54.20,2,55.80,1,18.16,
1402,遠東新,9009378,"3,233",274025031,30.55,30.65,30.25,30.25,-,0.25,30.25,160,30.30,3,14.00,
1409,新纖,3262681,"1,070",42568256,13.10,13.15,12.95,13.15,,0.0,13.15,18,13.20,125,8.27,
1410,南染,16058,9,414442,25.75,25.90,25.75,25.75,+,0.25,25.75,19,25.80,1,18.53,
1413,宏洲,43250,29,529337,12.20,12.25,12.20,12.25,,0.0,12.25,1,12.30,14,7.08,
1414,東和,163365,67,1115296,6.80,6.87,6.80,6.81,-,0.01,6.80,2,6.81,4,68.10,
1416,廣豐,49933,35,781797,15.65,15.70,15.65,15.65,,0.0,15.65,1,15.70,18,15.81,
1417,嘉裕,447866,117,2753459,6.18,6.18,6.13,6.13,-,0.03,6.13,7,6.14,18,0.00,
1418,東華,11184,10,81311,7.45,7.45,7.20,7.21,+,0.12,7.21,1,7.39,1,0.00,
1419,新紡,2061,5,84293,40.90,40.90,40.90,40.90,+,0.1,40.90,1,41.55,1,36.52,
1423,利華,437017,54,4460470,10.25,10.25,10.20,10.25,,0.0,10.25,7,10.30,30,14.86,
1432,大魯閣,122265,55,910934,7.56,7.56,7.42,7.50,-,0.06,7.40,7,7.50,8,0.00,
1434,福懋,1696422,"1,150",60413665,35.60,36.00,35.50,35.60,,0.0,35.55,108,35.60,596,12.28,
1435,中福,92289,33,501951,5.42,5.47,5.38,5.46,+,0.06,5.46,1,5.47,4,136.50,
1436,華友聯,9050,11,381941,42.35,42.35,42.00,42.00,-,0.25,42.00,6,42.70,1,11.05,
1437,勤益控,146762,86,3334145,22.80,22.80,22.65,22.80,+,0.2,22.70,12,22.80,14,15.72,
1438,裕豐,42110,16,497642,11.80,11.85,11.80,11.85,+,0.15,11.80,10,11.85,8,0.00,
1439,中和,110320,74,3430021,31.30,31.30,31.05,31.10,-,0.05,31.10,28,31.20,14,0.00,
1440,南紡,409383,179,5044305,12.25,12.35,12.25,12.35,+,0.1,12.30,123,12.35,39,22.05,
1441,大東,1638796,826,24918959,15.30,15.65,14.70,14.80,-,0.4,14.80,2,14.90,1,1.27,
1442,名軒,320261,79,5244003,16.35,16.45,16.35,16.40,,0.0,16.40,1,16.45,32,149.09,
1443,立益,156550,67,1441866,9.06,9.35,9.06,9.30,+,0.15,9.27,3,9.35,32,0.00,
1444,力麗,869304,326,8121634,9.34,9.36,9.32,9.34,-,0.04,9.34,58,9.36,8,17.30,
1445,大宇,16788,10,124886,7.43,7.47,7.43,7.47,+,0.01,7.44,5,7.48,2,0.00,
1446,宏和,1559166,919,50093403,31.45,33.10,31.45,31.80,+,0.95,31.75,26,31.80,36,0.00,
1447,力鵬,200290,97,1449091,7.23,7.27,7.21,7.25,-,0.02,7.25,3,7.26,2,19.59,
1449,佳和,10006,6,49937,4.99,5.00,4.92,4.92,-,0.08,4.92,9,5.00,4,20.50,
1451,年興,253547,139,6576586,26.00,26.00,25.90,25.90,-,0.15,25.90,30,26.00,34,10.44,
1452,宏益,221007,139,4185681,19.00,19.00,18.90,18.95,-,0.05,18.95,2,19.00,52,12.89,
1453,大將,50521,17,455229,9.02,9.02,8.99,9.00,-,0.04,9.00,23,9.04,10,0.00,
1454,台富,53371,20,423320,7.91,7.97,7.90,7.90,-,0.01,7.90,7,7.97,4,35.91,
1455,集盛,550307,206,4929091,8.95,8.98,8.91,8.94,-,0.01,8.94,13,8.97,24,0.00,
1456,怡華,46049,17,404273,8.70,8.84,8.65,8.71,+,0.01,8.71,4,8.85,1,58.07,
1457,宜進,402148,139,5576552,13.90,13.95,13.80,13.90,,0.0,13.90,11,13.95,60,8.53,
1459,聯發,54806,80,420354,7.67,7.70,7.63,7.64,-,0.1,7.64,3,7.68,1,0.00,
1460,宏遠,283471,79,3253190,11.50,11.50,11.45,11.45,-,0.05,11.45,157,11.50,20,42.41,
1463,強盛,193640,77,2763502,14.30,14.30,14.15,14.30,,0.0,14.30,30,14.35,24,11.44,
1464,得力,634001,326,15436868,24.40,24.65,24.15,24.65,+,0.25,24.65,2,24.70,9,24.65,
1465,偉全,6000,5,87600,14.60,14.60,14.60,14.60,,0.0,14.60,4,14.70,1,3.92,
1466,聚隆,60720,22,526564,8.66,8.70,8.66,8.66,-,0.01,8.66,1,8.72,2,0.00,
1467,南緯,201060,64,1909630,9.60,9.60,9.46,9.46,-,0.14,9.46,2,9.48,3,41.13,
1468,昶和,19000,9,192550,10.15,10.20,10.00,10.00,-,0.1,9.99,1,10.15,1,22.22,
1470,大統新創,3000,3,65100,22.60,22.60,21.20,21.20,+,0.25,21.20,6,22.60,1,29.04,
1471,首利,85307,44,363515,4.29,4.29,4.24,4.25,-,0.05,4.25,13,4.27,2,0.00,
1472,三洋紡,3790,6,125636,33.15,33.15,33.15,33.15,-,0.05,32.55,1,33.15,11,0.00,
1473,台南,324430,174,8511949,26.35,26.45,26.10,26.20,X,0.0,26.10,2,26.20,1,16.79,
1474,弘裕,52844,28,526324,9.98,9.98,9.95,9.95,-,0.01,9.95,27,9.96,18,17.77,
1475,本盟,1000,1,5350,5.35,5.35,5.35,5.35,X,0.0,5.21,2,5.78,2,0.00,
1476,儒鴻,357324,353,146322664,411.50,411.50,406.00,411.50,+,1.5,409.00,1,411.50,14,25.72,
1477,聚陽,2383204,"1,713",449883464,188.50,191.00,186.50,188.50,,0.0,188.50,5,189.00,17,23.59,
1503,士電,135091,90,6288931,46.30,46.70,46.30,46.65,+,0.35,46.60,1,46.65,6,15.05,
1504,東元,6301355,"2,189",152081450,24.00,24.25,23.95,24.20,+,0.25,24.15,11,24.20,142,14.49,
1506,正道,71421,48,1142176,16.10,16.20,15.70,16.20,-,0.25,15.75,6,16.20,9,0.00,
1507,永大,139923,107,9044247,63.10,66.00,63.10,66.00,+,2.9,64.50,17,66.00,1,60.00,
1512,瑞利,68008,31,410303,6.05,6.12,5.94,5.94,-,0.18,5.94,2,6.09,2,0.00,
1513,中興電,229282,131,4824372,21.00,21.10,21.00,21.10,+,0.15,21.05,10,21.10,24,15.07,
1514,亞力,3568225,"1,404",66461098,19.10,19.10,18.25,18.35,-,0.4,18.35,37,18.40,14,15.82,
1515,力山,1319952,981,116160568,88.10,88.70,87.70,88.20,+,0.1,88.20,5,88.30,14,13.20,
1516,川飛,18123,11,284518,15.65,15.75,15.65,15.75,+,0.1,15.65,6,15.75,5,40.38,
1517,利奇,212009,84,2049203,9.73,9.73,9.64,9.66,-,0.08,9.66,5,9.67,34,15.58,
1519,華城,1034295,517,28483387,27.65,27.85,27.25,27.40,-,0.1,27.40,27,27.50,153,26.10,
1521,大億,53000,27,3238800,61.20,61.40,61.00,61.10,,0.0,61.10,2,61.30,2,13.82,
1522,堤維西,1652253,945,45611257,27.10,27.90,27.10,27.70,X,0.0,27.70,10,27.75,1,14.89,
1524,耿鼎,128001,31,1267660,9.93,9.93,9.89,9.90,-,0.03,9.90,8,9.93,3,8.68,
1525,江申,107381,90,6498435,60.00,61.00,60.00,60.60,+,0.8,60.60,2,60.70,1,9.81,
1526,日馳,290150,202,8997350,31.15,31.30,30.80,31.00,-,0.25,30.95,14,31.00,1,15.20,
1527,鑽全,541670,397,31943030,59.00,59.20,58.70,58.90,-,0.1,58.80,43,58.90,6,6.27,
1528,恩德,108254,51,1004199,9.33,9.33,9.24,9.24,X,0.0,9.24,6,9.26,1,92.40,
1529,樂士,927606,512,14221108,14.70,15.70,14.70,15.25,+,0.95,15.20,45,15.25,3,24.21,
1530,亞崴,24323,21,747780,30.70,30.85,30.70,30.75,+,0.05,30.75,5,30.80,3,8.91,
1531,高林股,71270,40,1123488,15.80,15.85,15.70,15.70,-,0.05,15.70,6,15.80,3,20.13,
1532,勤美,315934,196,10416366,33.10,33.20,32.65,33.05,,0.0,33.00,13,33.05,17,8.18,
1533,車王電,175040,135,6755132,38.75,38.80,38.30,38.55,-,0.2,38.55,5,38.75,5,17.36,
1535,中宇,26101,25,849512,32.65,32.70,32.40,32.50,-,0.2,32.45,14,32.60,6,46.43,
1536,和大,1826242,"1,221",201334104,108.50,112.00,107.50,112.00,+,1.5,111.50,11,112.00,51,24.83,
1537,廣隆,282067,217,47122789,166.50,167.50,166.00,167.50,+,2.0,167.00,106,167.50,13,13.17,
1538,正峰新,20038,22,103360,5.06,5.22,5.06,5.20,+,0.11,5.16,8,5.23,5,0.00,
1539,巨庭,128000,82,3076950,24.05,24.20,24.00,24.00,-,0.15,23.95,11,24.05,1,4.36,
1540,喬福,1427130,635,28325819,20.05,20.05,19.60,19.75,-,0.4,19.75,19,19.80,7,9.36,
1541,錩泰,75000,59,2645400,35.60,35.65,35.00,35.00,-,0.6,35.00,19,35.30,3,23.03,
1558,伸興,55699,60,7533413,135.50,136.00,135.00,136.00,+,0.5,135.00,45,135.50,4,7.77,
1560,中砂,186200,128,10992700,59.00,59.30,58.70,59.20,+,0.2,59.20,1,59.30,20,12.44,
1568,倉佑,122000,44,2419500,20.00,20.00,19.80,19.80,-,0.05,19.80,11,19.85,2,41.25,
1582,信錦,167738,142,13121982,78.30,78.30,78.10,78.30,+,0.1,78.20,2,78.30,5,9.99,
1583,程泰,4000,4,225700,56.50,56.50,56.40,56.40,,0.0,56.40,1,56.50,2,9.72,
1587,吉茂,16030,14,299262,18.60,18.75,18.60,18.75,+,0.1,18.65,2,18.80,2,23.73,
1589,永冠-KY,991448,674,61587409,62.00,62.50,61.30,62.40,+,1.3,62.30,2,62.40,11,0.00,
1590,亞德客-KY,1577334,"1,386",541933564,349.50,349.50,341.00,341.50,-,5.5,341.50,12,342.00,7,24.39,
1592,英瑞-KY,648363,317,15299357,23.80,24.00,22.80,22.90,-,0.9,22.85,4,23.05,2,0.00,
1598,岱宇,525000,330,24482550,46.90,47.25,46.20,47.25,+,0.25,47.20,1,47.25,1,15.91,
1604,聲寶,828250,353,15162515,18.20,18.40,18.20,18.35,+,0.05,18.30,26,18.35,47,10.31,
1605,華新,11740534,"2,963",161713210,13.85,13.90,13.70,13.85,,0.0,13.80,112,13.85,595,5.50,
1608,華榮,601175,197,5959283,9.95,9.95,9.88,9.89,-,0.07,9.89,1,9.91,1,0.00,
1609,大亞,1355431,415,14988530,11.05,11.10,11.00,11.10,+,0.1,11.05,61,11.10,76,19.82,
1611,中電,142483,61,1345715,9.45,9.47,9.41,9.46,,0.0,9.46,44,9.47,61,33.79,
1612,宏泰,92000,28,900110,9.81,9.87,9.76,9.87,+,0.06,9.80,1,9.88,5,19.74,
1614,三洋電,27000,24,751750,27.80,27.95,27.80,27.80,,0.0,27.80,9,27.85,1,34.75,
1615,大山,64000,30,1024750,16.00,16.10,16.00,16.00,-,0.05,16.00,6,16.05,1,9.36,
1616,億泰,16000,7,71460,4.50,4.50,4.46,4.48,+,0.02,4.46,18,4.49,1,0.00,
1617,榮星,24643,13,323601,13.15,13.20,13.10,13.20,+,0.05,13.15,1,13.20,14,9.23,
1618,合機,149380,32,1226698,8.25,8.26,8.18,8.18,-,0.04,8.18,5,8.24,1,0.00,
1626,艾美特-KY,231100,119,6431734,27.75,28.15,27.60,28.00,+,0.25,27.65,5,28.00,6,40.58,
1701,中化,935071,380,17465867,18.70,18.75,18.60,18.65,X,0.0,18.65,141,18.70,4,16.08,
1702,南僑,214005,151,11477270,53.70,53.80,53.50,53.70,,0.0,53.70,8,53.80,2,13.42,
1707,葡萄王,146311,145,29415822,201.50,201.50,200.50,200.50,-,0.5,200.50,37,201.00,5,20.97,
1708,東鹼,134754,84,3556500,26.35,26.45,26.30,26.40,,0.0,26.40,25,26.50,38,17.25,
1709,和益,200068,71,2707864,13.50,13.60,13.50,13.55,+,0.05,13.55,16,13.60,67,19.64,
1710,東聯,1865624,875,43934985,23.50,23.75,23.45,23.75,+,0.3,23.70,18,23.75,23,15.42,
1711,永光,486740,201,8401774,17.20,17.35,17.20,17.30,+,0.05,17.25,87,17.30,22,22.47,
1712,興農,1008258,482,18900571,18.50,18.90,18.50,18.85,+,0.35,18.85,5,18.90,94,10.13,
1713,國化,22000,7,397450,18.10,18.10,18.05,18.10,+,0.05,18.05,23,18.15,1,27.42,
1714,和桐,953245,284,6735686,7.07,7.10,7.03,7.05,,0.0,7.05,42,7.07,1,25.18,
1717,長興,797899,237,21140378,26.35,26.60,26.30,26.55,+,0.2,26.45,39,26.55,4,16.09,
1718,中纖,3889560,823,36755568,9.43,9.49,9.39,9.45,+,0.07,9.44,35,9.45,44,15.75,
1720,生達,128357,82,4327047,33.65,33.90,33.65,33.70,+,0.05,33.70,17,33.75,14,15.75,
1721,三晃,870284,164,8107762,9.18,9.47,9.18,9.42,+,0.22,9.42,10,9.43,4,39.25,
1722,台肥,3308637,"2,392",161674716,48.70,49.15,48.65,48.70,,0.0,48.70,123,48.75,11,19.80,
1723,中碳,739000,524,93625998,128.00,128.50,125.50,127.00,-,1.0,126.50,1,127.00,4,18.73,
1724,台硝,16440,12,223539,13.65,13.65,13.60,13.60,+,0.05,13.60,2,13.65,9,17.44,
1725,元禎,12012,12,185083,15.35,15.45,15.35,15.40,+,0.05,15.40,1,15.50,2,12.94,
1726,永記,7000,5,521200,74.50,74.50,74.20,74.20,,0.0,74.10,3,74.50,1,17.10,
1727,中華化,15570,15,202230,13.00,13.00,12.95,12.95,-,0.05,12.95,5,13.00,14,21.95,
1730,花仙子,261633,199,23084716,88.50,88.50,88.00,88.10,-,0.4,88.10,9,88.20,16,14.63,
1731,美吾華,125167,47,1662062,13.25,13.35,13.25,13.25,+,0.05,13.25,6,13.30,16,19.78,
1732,毛寶,7000,4,72800,10.40,10.40,10.40,10.40,,0.0,10.35,9,10.45,8,43.33,
1733,五鼎,695300,480,21762008,31.55,31.65,31.15,31.25,-,0.4,31.20,9,31.25,5,31.25,
1734,杏輝,114388,98,2331071,20.35,20.45,20.30,20.40,-,0.05,20.40,2,20.45,21,510.00,
1735,日勝化,1000,1,16100,16.10,16.10,16.10,16.10,+,0.05,16.10,9,16.20,1,50.31,
1736,喬山,1047959,772,80137568,75.90,77.60,75.90,76.00,-,0.5,76.00,46,76.10,2,37.62,
1737,臺鹽,358795,196,11998548,33.50,33.50,33.40,33.40,-,0.1,33.35,37,33.40,9,14.52,
1760,寶齡富錦,967382,806,91618802,95.90,95.90,94.20,94.50,-,1.4,94.50,17,94.60,7,37.50,
1762,中化生,1443645,929,50785305,36.10,36.10,35.00,35.00,-,0.95,35.00,43,35.15,1,10.00,
1773,勝一,52220,30,4331013,82.60,83.20,82.50,83.00,+,0.5,83.00,5,83.20,1,13.72,
1776,展宇,1001,2,15865,15.85,15.85,15.85,15.85,,0.0,15.85,6,16.05,1,0.00,
1783,和康生,445000,261,11732950,26.85,26.85,26.20,26.40,-,0.4,26.40,13,26.50,3,33.00,
1786,科妍,886113,584,65331414,74.00,74.50,73.30,73.50,-,0.3,73.50,33,73.80,1,52.50,
1789,神隆,385651,270,9724603,25.25,25.30,25.05,25.15,X,0.0,25.15,5,25.20,6,51.33,
1802,台玻,723879,231,8873958,12.20,12.35,12.15,12.30,+,0.15,12.30,11,12.35,117,0.00,
1805,寶徠,5004,4,48678,9.73,9.73,9.72,9.73,-,0.15,9.73,5,9.90,4,0.00,
1806,冠軍,234501,65,1624156,6.90,7.00,6.87,6.97,+,0.07,6.92,3,6.97,24,0.00,
1808,潤隆,337727,258,21429636,63.30,63.90,62.90,63.50,+,0.2,63.50,17,63.70,1,15.26,
1809,中釉,1023549,401,12383912,12.05,12.20,12.05,12.10,+,0.05,12.10,59,12.15,59,"1,210.00",
1810,和成,101300,43,781327,7.73,7.74,7.69,7.69,X,0.0,7.69,132,7.70,6,0.00,
1817,凱撒衛,71000,42,2777300,39.20,39.20,39.05,39.10,+,0.1,39.10,6,39.20,10,11.88,
1902,台紙,398268,144,7539800,18.65,19.20,18.60,19.15,+,0.45,19.15,21,19.20,43,25.20,
1903,士紙,14166,13,453328,31.85,32.20,31.80,31.85,+,0.05,31.85,3,32.15,1,0.00,
1904,正隆,1128176,672,21466694,19.10,19.10,19.00,19.00,-,0.05,19.00,187,19.05,54,9.50,
1905,華紙,2346238,652,24075022,10.40,10.40,10.20,10.20,-,0.1,10.20,339,10.25,100,23.18,
1906,寶隆,62140,34,810676,13.05,13.10,13.00,13.05,,0.0,13.05,15,13.10,16,3.76,
1907,永豐餘,831200,326,9631565,11.65,11.70,11.50,11.60,,0.0,11.60,119,11.65,18,13.33,
1909,榮成,1397111,685,21227132,15.25,15.30,15.15,15.20,,0.0,15.20,59,15.30,53,21.41,
2002,中鋼,28287126,"8,896",682658190,24.00,24.25,24.00,24.10,X,0.0,24.10,"1,549",24.15,107,15.86,
2002A,中鋼特,155000,29,7430950,47.40,48.05,47.40,47.85,X,0.0,47.85,50,48.05,11,0.00,
2006,東和鋼鐵,1446415,577,31142558,21.55,21.65,21.45,21.60,+,0.05,21.55,29,21.60,22,22.74,
2007,燁興,19133,53,85957,4.49,4.50,4.48,4.50,+,0.02,4.49,10,4.50,2,0.00,
2008,高興昌,4169,4,51470,12.35,12.35,12.35,12.35,,0.0,12.35,46,12.40,5,0.00,
2009,第一銅,358000,102,3629500,10.20,10.20,10.05,10.20,,0.0,10.15,15,10.20,49,60.00,
2010,春源,458211,136,4672580,10.20,10.25,10.15,10.15,-,0.05,10.15,134,10.20,75,32.74,
2012,春雨,29000,12,628650,21.65,21.80,21.65,21.70,+,0.05,21.65,13,21.70,2,11.86,
2013,中鋼構,151848,90,3776671,24.90,25.00,24.85,24.85,,0.0,24.85,29,24.90,1,43.60,
2014,中鴻,2887148,"1,060",30613833,10.60,10.65,10.55,10.60,X,0.0,10.60,289,10.65,76,6.39,
2015,豐興,291372,211,16711551,57.30,57.60,57.20,57.20,,0.0,57.20,65,57.50,6,11.28,
2017,官田鋼,461698,198,3311466,7.26,7.26,7.11,7.17,-,0.09,7.17,2,7.18,2,31.17,
2020,美亞,133411,69,2035487,15.20,15.30,15.20,15.30,+,0.1,15.25,50,15.35,63,7.89,
2022,聚亨,574476,248,3769970,6.59,6.59,6.54,6.58,+,0.01,6.57,32,6.58,1,0.00,
2023,燁輝,466857,225,4276243,9.27,9.27,9.08,9.11,+,0.03,9.11,14,9.14,2,0.00,
2024,志聯,33197,16,340618,10.30,10.30,10.20,10.25,-,0.05,10.20,17,10.30,43,15.77,
2025,千興,124000,10,202220,1.63,1.67,1.63,1.67,+,0.04,1.65,7,1.67,9,0.00,
2027,大成鋼,3885961,"1,960",177556852,45.90,46.00,45.50,45.70,-,0.3,45.70,23,45.75,18,9.44,
2028,威致,93118,28,855010,9.19,9.20,9.16,9.20,+,0.03,9.17,7,9.20,3,7.42,
2029,盛餘,72100,50,1397000,19.40,19.40,19.30,19.40,+,0.15,19.30,2,19.40,1,102.11,
2030,彰源,299935,105,3842673,12.95,12.95,12.75,12.75,-,0.05,12.75,71,12.80,37,8.02,
2031,新光鋼,591644,399,18313019,30.95,31.10,30.80,30.80,-,0.1,30.80,67,30.90,36,51.33,
2032,新鋼,259533,101,2389424,9.36,9.37,9.11,9.15,-,0.19,9.15,1,9.22,1,61.00,
2033,佳大,28270,17,277176,9.88,9.88,9.78,9.84,+,0.03,9.80,1,9.84,3,98.40,
2034,允強,314338,149,8268837,26.30,26.35,26.25,26.30,+,0.05,26.30,37,26.35,6,11.05,
2038,海光,31000,14,225900,7.30,7.31,7.24,7.26,-,0.04,7.26,1,7.30,3,0.00,
2049,上銀,891827,830,250276060,283.00,283.00,279.00,281.00,-,0.5,281.00,13,281.50,16,17.61,
2059,川湖,227318,215,74605326,326.00,330.00,326.00,327.50,+,1.5,327.00,1,328.00,3,16.42,
2062,橋椿,209000,95,6716350,32.30,32.35,31.95,32.30,,0.0,32.15,4,32.35,2,48.21,
2069,運錩,773670,359,16987670,22.15,22.15,21.65,21.90,X,0.0,21.85,14,21.90,27,4.14,
2101,南港,749869,403,28195355,37.25,37.85,37.25,37.50,+,0.25,37.50,1,37.55,10,81.52,
2102,泰豐,701250,249,8793072,12.60,12.70,12.45,12.50,-,0.15,12.50,4,12.55,67,0.00,
2103,台橡,712474,459,19439556,27.30,27.40,27.20,27.25,-,0.05,27.25,19,27.30,17,18.17,
2104,國際中橡,6869814,"3,828",266030396,38.10,39.10,38.05,39.00,+,0.95,38.95,18,39.00,1,11.34,
2105,正新,3384245,"1,796",135368068,39.65,40.20,39.65,40.10,+,0.45,40.05,9,40.10,19,38.93,
2106,建大,287183,250,8354644,28.85,29.25,28.85,29.10,+,0.25,29.10,8,29.15,6,31.63,
2107,厚生,932825,490,18264632,19.75,19.80,19.45,19.55,-,0.25,19.50,29,19.55,14,25.39,
2108,南帝,656903,383,23561293,35.60,36.05,35.60,35.75,+,0.25,35.75,10,35.80,1,10.27,
2109,華豐,49140,32,563396,11.50,11.55,11.40,11.40,,0.0,11.40,3,11.50,18,0.00,
2114,鑫永銓,24533,24,2172116,88.10,88.90,88.10,88.60,+,0.6,88.40,1,88.90,2,14.24,
2115,六暉-KY,8953,13,369968,41.40,41.40,41.30,41.35,,0.0,41.35,1,41.45,2,14.51,
2201,裕隆,3526209,"1,457",79069717,22.40,22.70,22.30,22.65,+,0.3,22.65,60,22.70,64,35.39,
2204,中華,1847919,"1,029",47293865,25.70,25.70,25.50,25.55,-,0.2,25.50,452,25.55,7,11.67,
2206,三陽工業,715700,355,15062863,21.00,21.25,20.90,21.25,+,0.3,21.25,14,21.30,37,6.25,
2207,和泰車,360983,334,167327669,461.50,468.50,459.00,460.50,+,3.5,460.50,5,463.00,1,25.61,
2208,台船,621185,390,16630588,26.80,26.90,26.70,26.90,+,0.2,26.80,15,26.90,14,0.00,
2227,裕日車,63213,66,17393575,275.00,277.00,274.00,274.50,-,0.5,274.50,1,275.00,22,13.08,
2228,劍麟,1620064,"1,346",166483656,102.50,105.00,101.00,104.00,+,3.5,103.50,9,104.00,8,15.05,
2231,為升,578754,473,168374780,291.50,297.00,287.00,289.50,-,2.5,289.00,2,289.50,3,28.86,
2236,百達-KY,5334,8,140250,26.25,26.35,26.25,26.35,+,0.1,26.20,1,26.40,6,10.29,
2239,英利-KY,59050,56,6304325,106.50,107.50,106.50,106.50,,0.0,106.50,2,107.00,4,12.03,
2243,宏旭-KY,4048,5,60270,15.10,15.10,14.75,14.75,-,0.2,14.75,1,14.95,3,0.00,
2301,光寶科,4554702,"2,304",199145196,43.70,43.95,43.50,43.50,-,0.2,43.50,111,43.60,1,12.05,
2302,麗正,189193,79,1568020,8.22,8.45,8.22,8.34,-,0.06,8.33,2,8.35,3,37.91,
2303,聯電,91752730,"11,379",1253314975,13.85,13.95,13.40,13.55,-,0.3,13.55,664,13.60,859,54.20,
2305,全友,212479,66,1302764,6.19,6.19,6.12,6.12,+,0.01,6.12,7,6.14,1,306.00,
2308,台達電,6178584,"3,093",929596600,151.50,152.00,149.50,149.50,-,2.0,149.50,400,150.00,23,20.68,
2312,金寶,1842153,647,18933107,10.30,10.35,10.20,10.25,-,0.05,10.20,387,10.25,48,15.77,
2313,華通,36669449,"11,970",987601123,26.40,27.20,26.40,27.05,+,0.7,27.05,46,27.10,342,14.47,
2314,台揚,3073467,"1,394",81931959,26.50,26.90,26.40,26.80,+,0.5,26.70,6,26.80,43,116.52,
2316,楠梓電,9324570,"4,115",246273291,25.50,27.50,25.30,26.80,+,1.15,26.80,1,26.85,51,12.58,
2317,鴻海,62909028,"27,627",4935150376,78.00,79.30,77.80,78.60,X,0.0,78.60,"1,020",78.70,50,8.73,
2321,東訊,29798,15,55765,1.87,1.89,1.87,1.89,-,0.04,1.89,6,1.96,2,0.00,
2323,中環,9987305,"1,994",71125980,7.15,7.16,7.09,7.13,+,0.05,7.12,76,7.13,94,11.32,
2324,仁寶,8551231,"2,210",165618317,19.35,19.45,19.25,19.45,+,0.15,19.40,16,19.45,479,9.53,
2327,國巨,3647992,"2,627",933045913,256.00,258.50,253.50,258.00,+,2.5,257.50,36,258.00,45,3.40,
2328,廣宇,7381116,"3,394",185729201,24.70,25.65,24.55,25.60,+,1.1,25.55,147,25.60,91,10.94,
2329,華泰,11678227,"3,139",186131192,15.85,16.10,15.70,15.70,+,0.05,15.70,244,15.75,4,174.44,
2330,台積電,30698545,"10,643",8091922380,264.00,265.00,261.50,265.00,,0.0,264.50,149,265.00,230,21.29,
2331,精英,351346,134,3973121,11.30,11.35,11.25,11.30,+,0.05,11.25,71,11.30,1,62.78,
2332,友訊,6478354,"1,953",86398029,13.15,13.45,13.15,13.35,+,0.3,13.30,328,13.35,76,0.00,
2337,旺宏,125552853,"37,966",3989722434,31.20,32.50,30.85,32.40,+,1.85,32.35,293,32.40,228,8.20,
2338,光罩,4026372,"1,700",104211006,25.70,26.25,25.10,26.20,+,0.75,26.20,140,26.25,127,28.79,
2340,光磊,10397666,"3,994",247234733,24.05,24.25,23.60,23.65,-,0.6,23.65,160,23.70,4,17.26,
2342,茂矽,1565952,602,34193825,21.65,22.00,21.45,22.00,+,0.35,22.00,53,22.05,4,25.58,
2344,華邦電,114731605,"23,235",2075358750,17.75,18.50,17.60,18.50,+,1.0,18.45,537,18.50,"2,035",11.71,
2345,智邦,4210706,"2,800",575836448,136.00,138.50,134.50,134.50,-,1.5,134.50,28,135.00,23,23.43,
2347,聯強,2742187,"1,463",105077711,38.30,38.60,38.15,38.30,,0.0,38.30,133,38.45,18,10.58,
2348,海悅,293852,185,14440037,49.60,49.60,48.85,49.30,-,0.3,49.30,1,49.35,1,10.91,
2349,錸德,3972039,"1,284",36233459,9.21,9.24,9.08,9.09,-,0.12,9.08,158,9.09,8,0.00,
2351,順德,1235021,806,85415549,69.90,69.90,68.70,69.00,-,0.9,69.00,14,69.20,4,15.20,
2352,佳世達,3563766,"1,074",69818478,19.60,19.70,19.50,19.60,+,0.1,19.60,347,19.65,63,9.80,
2353,宏碁,14272289,"4,518",278693664,19.20,19.70,19.20,19.65,+,0.55,19.60,163,19.65,747,19.46,
2354,鴻準,4056710,"2,493",260843096,63.60,64.80,63.60,64.60,X,0.0,64.50,63,64.60,14,10.25,
2355,敬鵬,783774,521,26761491,34.55,34.85,33.90,34.05,-,0.45,34.00,33,34.05,52,340.50,
2356,英業達,3455340,"1,559",82082232,23.75,23.85,23.60,23.70,,0.0,23.70,386,23.75,20,12.28,
2357,華碩,1716532,"1,353",380691540,225.50,226.00,220.00,220.00,-,6.0,220.00,67,221.00,14,40.44,
2358,廷鑫,90370,63,1314763,14.60,14.75,14.45,14.60,,0.0,14.60,2,14.70,2,25.17,
2359,所羅門,946756,466,19311993,20.20,20.80,20.10,20.55,+,0.45,20.50,9,20.55,8,7.84,
2360,致茂,3476223,"2,566",551791457,155.00,160.50,154.00,159.50,+,7.0,159.50,38,160.00,84,27.55,
2362,藍天,292200,116,9252699,31.55,31.75,31.55,31.70,+,0.15,31.70,5,31.75,18,19.81,
2363,矽統,2587368,894,22442888,8.64,8.80,8.57,8.58,+,0.03,8.58,18,8.60,4,0.00,
2364,倫飛,52775,23,122942,2.32,2.34,2.32,2.34,+,0.03,2.32,22,2.36,8,0.00,
2365,昆盈,138031,62,1140962,8.26,8.29,8.25,8.26,+,0.01,8.26,6,8.30,1,55.07,
2367,燿華,15733669,"5,474",376927506,23.75,24.20,23.60,24.10,+,0.75,24.05,102,24.10,130,18.40,
2368,金像電,28234831,"6,490",382202741,13.20,13.75,13.15,13.40,+,0.45,13.40,269,13.45,7,43.23,
2369,菱生,459610,224,4064316,8.81,8.87,8.81,8.87,+,0.06,8.83,12,8.87,5,0.00,
2371,大同,8279615,"2,383",161394169,19.75,19.75,19.35,19.50,-,0.35,19.45,201,19.50,239,0.00,
2373,震旦行,10350,14,995100,96.30,96.30,95.60,96.20,+,0.3,96.20,2,96.30,6,14.13,
2374,佳能,1603924,685,28241992,17.70,17.80,17.50,17.80,,0.0,17.75,20,17.80,60,0.00,
2375,智寶,500287,318,21222662,42.80,42.80,42.25,42.50,+,0.25,42.45,21,42.50,2,2.15,
2376,技嘉,5768777,"3,620",282649112,49.25,49.70,48.30,48.75,-,0.15,48.75,26,48.80,1,25.79,
2377,微星,3390162,"2,073",297365018,88.30,88.50,87.20,87.50,-,0.5,87.50,24,87.70,1,14.11,
2379,瑞昱,4929223,"3,373",1083867665,222.00,224.00,217.50,219.50,-,1.5,219.50,61,220.00,14,22.82,
2380,虹光,137096,95,488758,3.58,3.60,3.55,3.57,-,0.01,3.56,3,3.57,7,0.00,
2382,廣達,11168785,"3,948",684936570,61.00,61.60,61.00,61.50,+,0.5,61.50,"1,632",61.60,695,15.30,
2383,台光電,7972954,"4,554",976977842,120.50,124.50,119.00,123.00,+,2.5,122.50,65,123.00,6,20.16,
2385,群光,1578761,"1,025",129615002,81.60,82.60,81.30,82.60,+,1.1,82.30,21,82.60,54,12.20,
2387,精元,5600519,"3,155",186460850,33.75,34.20,32.55,32.80,-,1.4,32.80,38,32.95,22,31.24,
2388,威盛,5149388,"3,118",187431532,35.60,37.00,35.40,36.80,+,1.65,36.80,18,36.85,8,334.55,
2390,云辰,915000,404,11457200,12.70,12.70,12.45,12.50,-,0.15,12.50,35,12.55,9,0.00,
2392,正崴,2305393,"1,347",80556844,34.85,35.40,34.65,35.30,+,0.65,35.25,6,35.30,67,14.12,
2393,億光,726278,409,21519550,29.60,29.70,29.45,29.65,+,0.1,29.65,12,29.70,50,17.04,
2395,研華,1242744,659,333219519,268.00,271.00,267.00,268.00,+,2.0,267.50,8,268.00,226,28.60,
2397,友通,125050,113,10315550,83.00,83.00,82.10,82.50,-,0.7,82.50,5,82.70,2,14.86,
2399,映泰,6145002,"1,532",75746574,12.15,12.45,12.10,12.20,+,0.15,12.20,210,12.25,10,0.00,
2401,凌陽,11233412,"3,471",154797879,13.60,13.90,13.55,13.80,+,0.4,13.80,49,13.85,303,0.00,
2402,毅嘉,2346001,915,38422015,16.20,16.65,16.10,16.25,+,0.2,16.25,2,16.30,6,20.06,
2404,漢唐,1852165,"1,222",287013825,154.00,156.50,153.00,154.50,+,2.0,154.00,63,154.50,25,11.02,
2405,浩鑫,4569000,"1,769",60223150,13.45,13.45,13.00,13.15,-,0.45,13.15,1,13.20,25,0.00,
2406,國碩,3770724,"1,239",32378485,8.66,8.74,8.48,8.49,-,0.04,8.49,19,8.52,12,0.00,
2408,南亞科,42286443,"20,089",3161315711,72.60,76.60,72.30,76.50,+,4.7,76.40,18,76.50,594,6.50,
2409,友達,45934481,"7,961",405347136,8.88,8.89,8.81,8.81,-,0.09,8.81,"3,036",8.82,247,40.05,
2412,中華電,23214124,"13,138",2486927753,107.00,107.50,107.00,107.00,X,0.0,107.00,"5,287",107.50,"1,156",23.62,
2413,環科,170201,107,3259249,19.25,19.25,19.10,19.10,+,0.05,19.10,28,19.15,3,90.95,
2414,精技,506997,286,10678083,20.85,21.30,20.85,21.25,X,0.0,21.20,10,21.25,19,13.20,
2415,錩新,123432,89,2699352,21.95,22.00,21.80,21.80,-,0.15,21.80,5,21.90,21,22.47,
2417,圓剛,388280,177,4456392,11.45,11.60,11.40,11.40,+,0.05,11.40,62,11.50,13,0.00,
2419,仲琦,2053237,820,42521421,20.40,20.95,20.40,20.95,+,0.6,20.90,18,20.95,9,24.94,
2420,新巨,1263380,561,48621182,38.70,38.70,38.35,38.50,-,0.3,38.50,16,38.55,9,10.69,
2421,建準,2273621,"1,181",79648923,35.25,35.30,34.55,35.30,+,0.25,35.25,4,35.30,36,15.09,
2423,固緯,113725,81,2987545,26.30,26.40,26.10,26.35,+,0.1,26.35,11,26.40,2,10.93,
2424,隴華,0,0,0,--,--,--,--,,0.0,31.70,1,32.50,2,0.00,
2425,承啟,192094,119,5776101,30.30,30.35,29.90,29.90,,0.0,29.90,17,30.05,8,16.52,
2426,鼎元,637869,360,10763839,17.00,17.00,16.80,16.90,+,0.1,16.85,16,16.90,5,8.99,
2427,三商電,538714,211,5658194,10.55,10.55,10.45,10.50,,0.0,10.45,66,10.50,21,18.10,
2428,興勤,157787,124,12848247,81.30,81.60,81.30,81.50,+,0.2,81.30,1,81.50,19,9.20,
2429,銘旺科,18000,11,306300,16.90,17.05,16.90,17.00,+,0.2,16.90,1,17.05,2,0.00,
2430,燦坤,49000,31,928400,18.90,19.05,18.90,18.90,,0.0,18.90,31,19.00,17,20.54,
2431,聯昌,329010,132,3634302,11.15,11.20,10.95,10.95,-,0.15,10.95,11,11.05,1,0.00,
2433,互盛電,321450,214,15118719,47.55,47.60,46.75,47.10,-,0.5,47.10,3,47.15,1,11.86,
2434,統懋,61919,33,394924,6.38,6.48,6.35,6.36,-,0.03,6.36,2,6.40,2,0.00,
2436,偉詮電,5272723,"2,539",145214057,26.30,28.25,26.30,28.00,+,1.95,28.00,25,28.05,52,20.44,
2438,翔耀,5190,5,35590,6.84,6.94,6.84,6.84,+,0.04,6.84,7,6.95,3,0.00,
2439,美律,6896187,"4,776",1116218855,158.50,164.00,158.00,164.00,+,6.5,163.50,30,164.00,147,13.20,
2440,太空梭,21227,15,176822,8.34,8.40,8.30,8.30,-,0.04,8.29,1,8.46,1,0.00,
2441,超豐,1421253,840,64486782,44.65,45.70,44.65,45.60,+,1.0,45.60,5,45.65,13,12.43,
2442,新美齊,8997785,"2,997",126739211,14.65,14.65,13.70,13.80,-,0.75,13.80,299,13.85,6,3.28,
2443,新利虹,124652,48,394195,3.17,3.19,3.15,3.16,,0.0,3.16,1,3.18,1,0.00,
2444,兆勁,175901,74,3301302,18.85,18.85,18.70,18.80,,0.0,18.80,55,18.85,17,0.00,
2448,晶電,12035338,"4,110",307483645,25.70,25.75,25.40,25.60,-,0.05,25.55,246,25.60,24,0.00,
2449,京元電子,15034168,"6,170",489224530,32.60,32.90,32.25,32.45,+,0.4,32.45,135,32.50,14,21.78,
2450,神腦,24128,27,788919,32.70,32.75,32.60,32.60,-,0.05,32.60,6,32.75,3,29.11,
2451,創見,343110,265,23062756,67.40,67.50,66.70,67.50,+,0.6,67.40,4,67.50,16,14.74,
2453,凌群,5281741,"2,563",100798782,19.10,19.70,18.40,18.75,-,0.2,18.65,9,18.75,18,22.32,
2454,聯發科,5665905,"3,568",1762904765,310.00,313.00,308.00,313.00,+,5.0,312.50,3,313.00,136,23.07,
2455,全新,6399544,"3,857",650489944,102.00,103.00,100.00,101.50,+,0.5,101.50,21,102.00,94,50.00,
2456,奇力新,1515132,"1,180",128947145,85.50,85.60,84.60,85.50,+,0.3,85.40,17,85.50,9,7.06,
2457,飛宏,745086,219,6754878,9.05,9.14,9.02,9.14,+,0.12,9.13,1,9.14,23,0.00,
2458,義隆,2092302,"1,463",169074686,80.40,81.30,80.00,81.10,+,1.2,81.00,44,81.10,2,13.98,
2459,敦吉,41500,26,1540524,37.15,37.25,37.05,37.15,+,0.05,37.15,1,37.25,3,9.08,
2460,建通,116816,31,1139221,9.80,9.80,9.73,9.77,-,0.01,9.77,2,9.78,2,0.00,
2461,光群雷,1429582,613,28740717,20.20,20.35,20.00,20.05,-,0.2,20.05,18,20.10,6,51.41,
2462,良得電,375323,187,11747021,31.40,31.45,31.10,31.45,+,0.35,31.30,1,31.45,9,33.11,
2464,盟立,607912,419,27789545,46.05,46.05,45.55,45.70,-,0.1,45.70,9,45.75,6,8.93,
2465,麗臺,906443,381,12290679,13.80,13.80,13.40,13.55,-,0.25,13.55,4,13.60,19,0.00,
2466,冠西電,97000,68,3449100,36.00,36.10,35.30,35.50,-,0.55,35.50,2,35.55,1,208.82,
2467,志聖,530000,293,15149050,28.85,28.85,28.45,28.75,,0.0,28.70,25,28.75,9,7.75,
2468,華經,75000,42,954050,12.65,12.75,12.65,12.70,+,0.05,12.70,15,12.75,4,19.24,
2471,資通,206000,128,3832400,18.60,18.65,18.50,18.65,,0.0,18.60,3,18.65,13,10.60,
2472,立隆電,758585,335,31858228,41.70,42.35,41.55,42.35,+,0.7,42.25,1,42.35,6,9.62,
2474,可成,3753852,"2,073",868742312,230.00,233.50,229.00,231.00,+,1.0,231.00,95,231.50,3,6.84,
2476,鉅祥,79558,52,1960976,24.75,24.75,24.60,24.60,,0.0,24.60,3,24.65,11,11.39,
2477,美隆電,339770,213,7989552,23.50,23.95,23.25,23.40,+,0.1,23.35,2,23.45,20,21.27,
2478,大毅,2442210,"1,371",99120660,41.30,41.40,40.35,40.50,-,0.45,40.50,25,40.55,8,5.36,
2480,敦陽科,187463,158,9686735,51.70,51.80,51.60,51.80,+,0.3,51.70,10,51.90,33,13.15,
2481,強茂,5365262,"2,633",143438874,26.50,27.20,26.20,27.00,+,0.35,27.00,427,27.05,9,12.39,
2482,連宇,50900,28,531289,10.45,10.45,10.40,10.45,-,0.1,10.40,14,10.50,8,95.00,
2483,百容,90000,41,1814950,20.15,20.20,20.10,20.15,,0.0,20.15,11,20.20,8,10.18,
2484,希華,2857261,"1,079",60406831,20.90,21.45,20.80,21.10,+,0.3,21.00,52,21.10,12,13.35,
2485,兆赫,4641326,"2,076",105646210,22.05,23.05,22.05,22.90,+,0.85,22.90,3,22.95,40,21.40,
2486,一詮,243161,116,2055721,8.48,8.55,8.41,8.45,-,0.02,8.45,25,8.50,1,0.00,
2488,漢平,209000,122,7870400,37.70,37.90,37.50,37.90,+,0.25,37.75,3,37.90,2,8.52,
2489,瑞軒,875656,289,9901391,11.35,11.35,11.25,11.30,-,0.05,11.30,79,11.35,9,66.47,
2491,吉祥全,47862,31,383954,7.86,8.28,7.86,8.23,+,0.06,8.09,5,8.23,6,0.00,
2492,華新科,8081729,"5,864",1372404117,169.00,172.00,167.50,172.00,+,3.5,171.50,82,172.00,257,4.03,
2493,揚博,149477,122,4244168,28.45,28.50,28.30,28.40,,0.0,28.35,6,28.40,7,9.16,
2495,普安,266910,110,3605934,13.40,13.55,13.40,13.55,+,0.15,13.50,42,13.55,19,15.06,
2496,卓越,51000,26,4194200,82.30,82.80,81.30,82.50,,0.0,82.10,1,82.50,2,12.60,
2497,怡利電,98000,56,2087650,21.50,21.50,21.25,21.30,-,0.25,21.30,4,21.40,1,0.00,
2498,宏達電,9978615,"4,675",399178034,39.40,40.40,39.40,40.25,+,0.9,40.20,44,40.25,72,0.00,
2499,東貝,1161601,541,10543900,9.00,9.13,8.96,9.11,+,0.14,9.10,10,9.11,1,91.10,
2501,國建,1476691,704,32255722,22.05,22.05,21.75,21.80,-,0.25,21.80,149,21.85,11,7.76,
2504,國產,2131488,462,18361500,8.61,8.64,8.60,8.61,,0.0,8.61,13,8.62,295,18.72,
2505,國揚,308900,111,3808722,12.50,12.50,12.25,12.25,-,0.25,12.25,7,12.30,51,0.00,
2506,太設,16457,26,194489,11.90,11.90,11.80,11.80,,0.0,11.80,4,11.90,18,23.60,
2509,全坤建,279307,89,8227009,29.50,29.55,29.35,29.45,-,0.05,29.40,2,29.50,6,3.89,
2511,太子,2931755,561,33287576,11.35,11.40,11.30,11.30,X,0.0,11.30,412,11.35,38,13.95,
2514,龍邦,124275,67,1967691,15.75,15.90,15.70,15.90,+,0.1,15.80,23,15.90,31,530.00,
2515,中工,2361177,490,18250705,7.73,7.77,7.71,7.73,,0.0,7.73,17,7.74,15,48.31,
2516,新建,34988,21,209100,5.96,5.99,5.96,5.98,,0.0,5.98,29,5.99,3,23.92,
2520,冠德,1345500,590,35359998,26.20,26.50,26.10,26.25,+,0.05,26.25,1,26.30,3,19.16,
2524,京城,137485,110,3978166,28.60,29.25,28.60,29.00,+,0.4,28.90,1,29.00,4,14.72,
2527,宏璟,57000,34,1299500,22.75,22.95,22.70,22.70,-,0.1,22.70,8,22.85,108,11.58,
2528,皇普,441001,70,7217966,16.30,16.65,16.20,16.30,,0.0,16.30,3,16.45,6,0.00,
2530,華建,72501,41,1181915,16.50,16.50,16.20,16.25,-,0.15,16.20,5,16.30,2,406.25,
2534,宏盛,805105,382,16582763,20.55,20.65,20.55,20.55,,0.0,20.55,241,20.60,20,8.90,
2535,達欣工,2276730,951,44581455,19.65,19.75,19.45,19.50,-,0.2,19.50,122,19.55,29,9.65,
2536,宏普,220286,99,4701169,21.35,21.45,21.15,21.35,-,0.1,21.35,17,21.45,23,27.73,
2537,聯上發,1532767,283,10892009,7.07,7.15,7.05,7.12,+,0.05,7.11,10,7.12,19,0.00,
2538,基泰,340499,132,4081559,11.95,12.05,11.90,12.00,+,0.05,11.95,70,12.00,20,92.31,
2539,櫻花建,97503,45,2971564,30.55,30.55,30.35,30.35,+,0.05,30.35,16,30.55,9,33.72,
2540,愛山林,19000,4,458800,23.95,24.20,23.95,23.95,,0.0,23.70,2,24.10,1,31.51,
2542,興富發,1205046,782,58930954,49.00,49.00,48.80,48.90,,0.0,48.90,47,48.95,1,7.36,
2543,皇昌,124001,6,901427,7.29,7.29,7.22,7.22,-,0.03,7.22,11,7.32,2,0.00,
2545,皇翔,232100,117,7360735,31.60,31.90,31.55,31.85,+,0.25,31.70,13,31.85,7,12.79,
2546,根基,53300,53,1898418,35.75,35.75,35.50,35.70,-,0.05,35.70,1,35.75,6,8.44,
2547,日勝生,4699324,840,65313664,13.90,14.10,13.70,13.90,,0.0,13.85,57,13.90,15,3.89,
2548,華固,1401345,"1,215",117203809,83.90,84.10,82.90,84.10,+,0.4,84.00,1,84.10,8,30.92,
2597,潤弘,86105,62,4820632,56.30,56.30,55.80,55.80,-,0.5,55.80,6,55.90,4,11.90,
2601,益航,2518188,759,32111426,12.80,12.85,12.65,12.75,+,0.1,12.70,243,12.75,123,127.50,
2603,長榮,21689442,"5,133",304793458,13.75,14.25,13.65,14.10,+,0.35,14.05,578,14.10,26,88.12,
2605,新興,4134027,"1,573",72176267,17.70,17.70,17.25,17.40,-,0.35,17.40,88,17.45,15,0.00,
2606,裕民,6253137,"2,721",223018772,35.50,36.05,35.10,35.85,+,0.1,35.85,19,35.90,24,19.59,
2607,榮運,640741,169,9230070,14.45,14.50,14.35,14.45,+,0.05,14.40,13,14.45,99,17.41,
2608,嘉里大榮,56597,54,2039420,36.00,36.05,36.00,36.05,+,0.05,36.00,49,36.10,4,13.21,
2609,陽明,2989379,"1,067",26572952,8.88,8.98,8.77,8.98,+,0.08,8.97,11,8.99,68,0.00,
2610,華航,7746978,"1,820",73857136,9.56,9.60,9.50,9.59,-,0.01,9.58,3,9.59,61,34.25,
2611,志信,28000,13,220110,7.85,7.89,7.85,7.89,+,0.04,7.86,2,7.89,5,30.35,
2612,中航,2815930,"1,524",107481385,38.05,38.60,37.65,38.15,-,0.95,38.15,1,38.20,62,13.29,
2613,中櫃,154266,97,2066060,13.25,13.55,13.25,13.30,+,0.05,13.30,12,13.35,6,47.50,
2614,東森,1982502,529,20627311,10.30,10.45,10.25,10.35,+,0.1,10.35,39,10.40,72,5.23,
2615,萬海,20265973,"6,665",433509654,20.40,22.05,20.00,21.90,+,1.5,21.85,4,21.90,166,24.07,
2616,山隆,144581,47,4313835,29.80,30.00,29.70,30.00,+,0.2,29.80,4,30.00,17,17.14,
2617,台航,2759100,"1,251",62408074,22.70,22.90,22.25,22.70,-,0.3,22.70,11,22.75,51,9.66,
2618,長榮航,12830458,"3,798",187921699,14.70,14.75,14.60,14.60,-,0.1,14.60,"2,620",14.65,681,9.73,
2630,亞航,24000,14,492750,20.55,20.55,20.50,20.55,,0.0,20.50,4,20.65,3,34.83,
2633,台灣高鐵,9227669,"4,366",386105898,42.20,42.25,41.30,41.85,-,0.3,41.80,20,41.85,37,22.26,
2634,漢翔,2214768,"1,259",70873726,32.30,32.30,31.90,31.95,-,0.35,31.95,11,32.00,28,13.71,
2636,台驊投控,335106,195,8059326,23.90,24.30,23.90,24.20,+,0.25,24.20,6,24.25,7,8.52,
2637,慧洋-KY,5255337,"1,820",183856210,34.55,35.30,34.35,35.20,+,0.55,35.15,65,35.20,46,11.17,
2642,宅配通,314300,230,7549615,23.55,24.50,23.55,23.95,+,0.45,23.95,5,24.05,6,25.21,
2701,萬企,27389,22,367960,13.40,13.45,13.40,13.45,+,0.05,13.40,26,13.45,7,15.11,
2702,華園,151569,85,3331510,21.90,22.15,21.85,22.00,+,0.1,22.00,11,22.05,4,57.89,
2704,國賓,147984,124,3293943,22.25,22.35,22.20,22.25,-,0.05,22.25,51,22.30,10,20.60,
2705,六福,297322,105,2102154,7.09,7.14,7.04,7.08,,0.0,7.08,9,7.10,15,0.00,
2706,第一店,134446,72,2132395,15.85,15.95,15.85,15.85,-,0.05,15.85,2,15.90,7,14.81,
2707,晶華,449680,360,76038460,166.00,171.50,165.50,169.50,+,2.5,169.50,15,170.50,5,14.82,
2712,遠雄來,6999,9,294357,41.35,42.70,41.35,42.50,+,0.5,41.60,1,42.50,2,0.00,
2722,夏都,5489,10,133129,24.25,24.25,24.25,24.25,,0.0,24.25,1,24.95,1,80.83,
2723,美食-KY,2090540,"1,740",394759787,184.00,192.00,184.00,188.00,+,3.5,188.00,15,188.50,4,22.79,
2727,王品,109756,108,8714648,79.30,79.60,79.10,79.50,+,0.1,79.40,5,79.50,1,15.87,
2731,雄獅,87000,64,7359700,83.70,85.30,83.40,84.20,+,0.5,84.20,6,84.90,6,22.33,
2739,寒舍,18234,15,509228,28.00,28.00,27.90,27.90,-,0.1,27.90,7,28.00,9,29.06,
2748,雲品,47000,44,2853900,61.30,61.30,60.50,60.50,-,0.4,60.50,9,61.00,5,17.90,
2801,彰銀,11646783,"4,094",255321485,21.80,22.00,21.80,21.90,+,0.1,21.90,56,21.95,759,17.38,
2809,京城銀,892389,500,28854707,32.25,32.50,32.15,32.40,+,0.1,32.40,13,32.45,54,10.84,
2812,台中銀,5381546,"1,404",68647000,12.70,12.80,12.65,12.80,+,0.1,12.75,617,12.80,"1,549",10.85,
2816,旺旺保,272013,68,5471310,20.15,20.20,20.10,20.20,+,0.05,20.15,1,20.20,37,6.22,
2820,華票,639010,150,9297038,14.55,14.60,14.50,14.50,-,0.05,14.50,315,14.55,16,14.80,
2823,中壽,5344810,"1,986",138067704,25.85,26.00,25.75,25.80,-,0.05,25.80,261,25.85,201,11.12,
2832,台產,129480,58,2602700,20.15,20.15,20.05,20.15,,0.0,20.10,11,20.15,9,12.67,
2834,臺企銀,12926995,"2,875",173462454,13.35,13.50,13.30,13.45,+,0.15,13.45,634,13.50,"2,825",10.85,
2836,高雄銀,399703,111,3908120,9.77,9.82,9.76,9.78,+,0.01,9.78,3,9.80,76,15.77,
2838,聯邦銀,1363341,381,16236991,11.85,11.95,11.85,11.90,+,0.05,11.85,332,11.90,535,11.55,
2838A,聯邦銀甲特,141000,48,7581600,53.90,53.90,53.70,53.80,-,0.1,53.70,48,53.80,13,0.00,
2841,台開,750012,266,6856879,9.14,9.16,9.12,9.14,+,0.02,9.13,53,9.14,23,14.74,
2845,遠東銀,3040142,693,38610716,12.70,12.75,12.60,12.70,+,0.05,12.70,206,12.75,"1,039",10.50,
2849,安泰銀,422879,110,6749014,15.95,16.05,15.85,16.05,+,0.2,15.95,15,16.05,43,12.64,
2850,新產,112978,99,4307408,38.10,38.25,38.05,38.15,+,0.05,38.15,12,38.25,7,8.71,
2851,中再保,121622,63,2169974,17.85,17.90,17.80,17.90,+,0.05,17.85,18,17.90,11,10.72,
2852,第一保,520540,49,7807973,15.00,15.05,14.95,15.00,,0.0,14.95,56,15.00,33,6.22,
2855,統一證,1235945,322,16028885,13.00,13.00,12.95,12.95,-,0.05,12.95,214,13.00,43,8.81,
2867,三商壽,1241475,395,13632493,10.90,11.05,10.90,11.00,+,0.1,10.95,172,11.00,17,44.00,
2880,華南金,15999131,"5,210",345959156,21.45,21.75,21.40,21.70,+,0.25,21.65,237,21.70,594,16.07,
2881,富邦金,4880306,"1,923",213413294,43.45,43.90,43.45,43.90,+,0.45,43.85,4,43.90,248,11.52,
2881A,富邦特,130702,27,8560838,65.50,65.50,65.50,65.50,,0.0,65.40,16,65.50,18,0.00,
2881B,富邦金乙特,255460,65,16221671,63.50,63.60,63.50,63.50,,0.0,63.50,24,63.60,42,0.00,
2882,國泰金,8133285,"2,944",335173866,41.15,41.30,41.10,41.20,+,0.05,41.20,157,41.25,53,13.97,
2882A,國泰特,394285,73,24530096,62.30,62.30,62.20,62.30,,0.0,62.20,38,62.30,9,0.00,
2882B,國泰金乙特,83235,31,5156045,61.90,62.10,61.90,62.10,,0.0,61.90,5,62.10,27,0.00,
2883,開發金,17524417,"3,487",162215334,9.27,9.29,9.25,9.25,-,0.02,9.25,510,9.26,696,16.52,
2884,玉山金,107962149,"29,338",2853447032,26.00,26.90,26.00,26.30,X,0.0,26.30,"2,671",26.40,279,16.23,
2885,元大金,18831148,"4,042",329996394,17.55,17.60,17.45,17.45,-,0.15,17.45,"1,056",17.50,331,11.04,
2886,兆豐金,13271704,"3,948",429767248,32.20,32.50,32.20,32.25,+,0.05,32.25,681,32.30,1,15.66,
2887,台新金,16623220,"3,412",243936482,14.60,14.75,14.55,14.75,+,0.2,14.70,295,14.75,"1,705",12.29,
2887E,台新戊特,89131,38,4850422,54.50,54.50,54.40,54.50,+,0.1,54.40,11,54.50,17,0.00,
2887F,台新戊特二,294698,129,15279711,52.00,52.00,51.80,51.90,-,0.1,51.80,15,51.90,16,0.00,
2888,新光金,15127446,"2,703",138545490,9.13,9.19,9.11,9.18,+,0.06,9.17,193,9.18,221,0.00,
2889,國票金,5177868,972,56989948,10.95,11.05,10.95,11.05,+,0.1,11.00,548,11.05,622,15.14,
2890,永豐金,14978531,"2,859",187274962,12.45,12.60,12.40,12.60,+,0.15,12.55,158,12.60,"1,842",13.40,
2891,中信金,20717949,"5,131",425951969,20.50,20.65,20.40,20.65,+,0.2,20.60,584,20.65,"1,690",11.73,
2891B,中信金乙特,458432,466,29019516,63.30,63.50,63.30,63.50,+,0.1,63.20,61,63.50,28,0.00,
2891C,中信金丙特,67620,54,4126676,61.00,61.10,61.00,61.10,+,0.1,61.00,475,61.10,35,0.00,
2892,第一金,11269623,"3,879",260265086,23.05,23.15,23.00,23.15,+,0.05,23.10,368,23.15,"1,217",16.30,
2897,王道銀行,545080,129,4294670,7.88,7.92,7.84,7.88,,0.0,7.88,85,7.90,3,17.13,
2897A,王道銀甲特,70894,31,733656,10.35,10.35,10.30,10.35,,0.0,10.30,400,10.40,116,0.00,
2901,欣欣,14332,7,343634,24.00,24.00,23.90,23.90,-,0.05,23.90,1,24.00,5,54.32,
2903,遠百,1910739,667,41499384,21.95,21.95,21.65,21.65,-,0.35,21.65,146,21.70,23,22.09,
2904,匯僑,26060,21,632054,24.20,24.30,24.20,24.25,+,0.05,24.25,4,24.30,2,12.83,
2905,三商,370216,341,6612939,17.95,18.00,17.80,17.85,-,0.1,17.85,22,17.90,2,18.99,
2906,高林,241128,45,2652144,11.00,11.05,10.95,10.95,,0.0,10.95,55,11.00,4,64.41,
2908,特力,92078,71,1885989,20.55,20.60,20.35,20.45,-,0.05,20.45,6,20.55,9,37.87,
2910,統領,2000,2,54150,27.05,27.10,27.05,27.10,+,0.55,26.35,1,27.25,1,44.43,
2911,麗嬰房,122480,65,935350,7.56,7.70,7.56,7.61,+,0.05,7.60,46,7.61,3,0.00,
2912,統一超,802231,641,243884955,302.00,305.00,301.50,304.00,+,3.0,304.00,101,304.50,162,29.89,
2913,農林,543760,227,8902041,16.45,16.45,16.30,16.35,-,0.05,16.35,20,16.40,68,0.00,
2915,潤泰全,1174321,688,78021795,66.50,66.80,66.20,66.60,+,0.1,66.60,8,66.70,5,3.79,
2923,鼎固-KY,135000,72,3372950,25.30,25.30,24.80,25.00,-,0.4,25.00,4,25.15,2,4.39,
2929,淘帝-KY,329985,266,29465555,89.00,89.80,88.80,89.40,+,0.4,89.40,1,89.50,49,7.62,
2936,客思達-KY,13000,5,316550,24.35,24.35,24.35,24.35,-,0.1,24.35,2,24.65,4,20.12,
2939,凱羿-KY,12030,12,1300724,107.50,108.50,107.50,108.50,+,1.0,108.00,1,109.00,4,10.55,
3002,歐格,183250,90,1936024,10.55,10.65,10.50,10.55,,0.0,10.50,17,10.55,2,34.03,
3003,健和興,426000,261,17878900,42.00,42.10,41.75,42.00,+,0.15,42.00,2,42.05,11,12.92,
3004,豐達科,242574,189,22085105,90.20,91.60,90.20,91.50,+,1.5,91.40,1,91.50,6,15.10,
3005,神基,964817,605,43011299,44.80,44.80,44.45,44.65,-,0.15,44.60,2,44.65,19,12.44,
3006,晶豪科,2876479,"1,450",97799912,34.20,34.20,33.75,33.75,-,0.2,33.75,38,33.80,6,14.55,
3008,大立光,746483,905,3221840085,"4,280.00","4,365.00","4,245.00","4,365.00",+,110.0,"4,360.00",1,"4,365.00",13,23.05,
3010,華立,168934,116,9123760,53.80,54.30,53.80,53.90,,0.0,53.90,7,54.10,8,8.28,
3011,今皓,315391,124,2329764,7.36,7.44,7.35,7.35,+,0.02,7.33,14,7.39,9,0.00,
3013,晟銘電,2032152,502,30690470,14.90,15.35,14.85,15.30,X,0.0,15.25,9,15.30,15,16.11,
3014,聯陽,293191,223,9936868,33.95,34.05,33.75,34.00,+,0.1,33.95,1,34.00,1,11.89,
3015,全漢,124346,65,2421029,19.50,19.60,19.35,19.60,+,0.1,19.55,11,19.60,1,93.33,
3016,嘉晶,14240141,"7,800",678652772,47.30,48.65,46.80,47.75,+,0.45,47.75,34,47.80,15,34.35,
3017,奇鋐,39866108,"19,056",1841154277,47.50,47.75,45.50,45.70,-,1.2,45.70,128,45.75,106,21.66,
3018,同開,305030,181,7571710,24.80,25.20,24.45,25.20,+,0.5,25.00,17,25.20,1,0.00,
3019,亞光,2752390,"2,059",234154340,84.60,86.00,83.50,86.00,+,1.7,85.80,1,86.00,101,21.94,
3021,鴻名,20000,15,290500,14.50,14.55,14.50,14.55,,0.0,14.50,10,14.55,2,11.02,
3022,威強電,1275188,656,44715230,34.80,35.40,34.80,35.20,+,0.6,35.15,15,35.20,29,10.70,
3023,信邦,1360586,988,169593750,120.50,126.00,120.50,125.50,+,5.0,125.00,32,125.50,6,18.93,
3024,憶聲,197060,87,1319782,6.61,6.75,6.61,6.71,+,0.09,6.65,13,6.71,2,11.77,
3025,星通,374976,220,9037724,24.10,24.45,23.80,24.20,+,0.2,24.05,15,24.20,3,345.71,
3026,禾伸堂,985394,758,93687996,95.30,96.00,94.00,96.00,+,1.6,95.80,7,96.00,35,5.91,
3027,盛達,406192,149,3214175,7.83,8.04,7.82,8.00,+,0.16,8.00,6,8.01,11,4.19,
3028,增你強,177561,119,3820266,21.55,21.55,21.50,21.50,-,0.05,21.50,1,21.55,18,11.88,
3029,零壹,1952934,"1,000",59740692,30.50,30.85,30.45,30.55,-,0.2,30.55,36,30.60,41,13.58,
3030,德律,384939,294,18796160,48.75,48.95,48.65,48.80,+,0.05,48.80,17,48.85,1,10.59,
3031,佰鴻,141748,82,1676039,11.90,11.90,11.75,11.80,-,0.05,11.80,1,11.85,10,20.70,
3032,偉訓,73000,53,1926000,26.45,26.45,26.20,26.30,+,0.1,26.30,27,26.45,6,5.73,
3033,威健,423998,205,8569504,20.10,20.25,20.10,20.25,+,0.1,20.20,39,20.25,18,13.68,
3034,聯詠,7804635,"4,719",1340748355,172.00,174.00,168.50,172.50,+,1.0,172.50,21,173.00,202,14.10,
3035,智原,24032786,"14,263",1500035924,61.50,64.10,61.30,61.50,+,0.8,61.50,113,61.60,2,48.05,
3036,文曄,905216,565,37145808,41.10,41.15,40.95,41.05,-,0.05,41.05,30,41.10,63,8.87,
3037,欣興,37538714,"13,864",1531384372,40.30,41.25,40.00,40.60,+,1.1,40.60,95,40.65,40,30.76,
3038,全台,3116153,"1,251",58028229,18.90,18.95,18.40,18.50,-,0.1,18.45,36,18.50,11,15.29,
3040,遠見,32063,28,965303,30.10,30.20,30.10,30.10,+,0.1,30.10,2,30.20,3,20.07,
3041,揚智,5732260,"1,814",68806070,12.00,12.15,11.85,12.10,+,0.2,12.10,46,12.15,166,0.00,
3042,晶技,2625826,"1,484",100225787,37.70,38.50,37.55,38.40,+,0.9,38.35,16,38.40,24,18.64,
3043,科風,64363,12,145696,2.27,2.29,2.25,2.29,-,0.01,2.25,91,2.29,24,114.50,
3044,健鼎,697200,463,73558000,105.50,106.00,104.50,105.50,,0.0,105.00,89,105.50,12,10.68,
3045,台灣大,6365784,"2,108",699813625,109.50,110.50,109.00,110.00,+,0.5,109.50,722,110.00,115,22.73,
3046,建碁,68898,53,1594182,23.10,23.40,23.00,23.40,-,0.1,23.15,1,23.40,1,65.00,
3047,訊舟,8149577,"2,751",94338949,11.30,11.80,11.15,11.55,+,0.35,11.55,24,11.60,24,14.81,
3048,益登,176083,90,2371361,13.50,13.55,13.45,13.45,-,0.05,13.45,11,13.50,63,14.01,
3049,和鑫,22787148,"6,169",340849180,14.95,15.05,14.85,15.00,+,0.2,15.00,310,15.05,415,21.43,
3050,鈺德,616130,224,7336033,11.95,12.00,11.85,11.90,-,0.05,11.85,8,11.90,32,17.25,
3051,力特,104176,35,318536,3.09,3.14,3.02,3.09,,0.0,3.06,7,3.09,2,0.00,
3052,夆典,90649,33,764959,8.45,8.46,8.43,8.45,,0.0,8.45,5,8.46,12,0.00,
3054,立萬利,7000,6,169200,24.00,24.60,24.00,24.60,+,0.65,24.60,1,24.65,2,0.00,
3055,蔚華科,24601,20,642353,26.50,26.50,26.00,26.00,-,0.15,26.00,10,26.15,1,27.37,
3056,總太,1052714,643,24850476,23.85,23.85,23.40,23.60,-,0.25,23.60,25,23.65,1,138.82,
3057,喬鼎,133003,52,1037175,7.77,7.83,7.77,7.78,+,0.02,7.78,13,7.81,2,0.00,
3058,立德,83255,32,640049,7.75,7.75,7.66,7.66,-,0.09,7.66,7,7.71,5,0.00,
3059,華晶科,1137944,569,28816540,25.40,25.40,25.20,25.30,+,0.1,25.25,145,25.30,2,37.76,
3060,銘異,458370,252,6900500,15.15,15.25,15.00,15.00,-,0.1,15.00,7,15.10,15,0.00,
3062,建漢,2035607,853,33034152,16.10,16.40,15.95,16.20,+,0.25,16.20,90,16.25,10,30.00,
3090,日電貿,633418,509,31765430,50.20,50.60,50.00,50.10,,0.0,50.10,71,50.30,27,6.60,
3094,聯傑,221693,128,3878605,17.45,17.60,17.35,17.40,+,0.05,17.40,7,17.50,4,33.46,
3130,一零四,160,1,27280,--,--,--,--,,0.0,168.50,1,170.00,6,20.33,
3149,正達,350590,134,4188209,12.00,12.00,11.90,11.90,-,0.05,11.90,53,11.95,16,0.00,
3164,景岳,94600,52,2568620,27.25,27.25,27.10,27.20,-,0.1,27.20,1,27.30,4,12.42,
3167,大量,46000,44,1638000,35.70,35.70,35.55,35.55,-,0.15,35.55,10,35.65,2,7.47,
3189,景碩,6242420,"3,236",269079139,42.90,43.50,42.30,43.45,+,1.0,43.45,45,43.50,229,0.00,
3209,全科,235851,122,4728406,20.05,20.05,20.00,20.05,,0.0,20.00,73,20.05,2,14.53,
3229,晟鈦,49000,18,600650,12.25,12.50,12.25,12.25,,0.0,12.25,11,12.40,4,0.00,
3231,緯創,14482684,"4,968",346937816,24.15,24.20,23.85,23.85,-,0.3,23.85,384,23.90,374,13.47,
3257,虹冠電,270661,223,16832088,63.50,63.50,60.50,60.50,-,1.9,60.40,2,60.50,7,121.00,
3266,昇陽,123415,63,1515063,12.30,12.35,12.20,12.25,+,0.05,12.25,3,12.30,13,87.50,
3296,勝德,8000,8,123150,15.35,15.50,15.35,15.40,+,0.05,15.35,1,15.40,4,10.55,
3305,昇貿,528581,275,11032811,20.45,21.05,20.45,21.00,+,0.8,21.00,41,21.05,6,23.86,
3308,聯德,2036,3,12046,5.93,5.93,5.90,5.90,-,0.03,5.80,1,6.05,1,0.00,
3311,閎暉,222188,126,3242007,14.60,14.70,14.50,14.55,-,0.05,14.55,36,14.65,2,0.00,
3312,弘憶股,2157154,906,34032212,15.55,16.15,15.55,16.15,+,0.45,16.10,9,16.15,2,14.04,
3321,同泰,164309,101,2070193,12.45,12.65,12.45,12.55,+,0.05,12.55,12,12.60,3,0.00,
3338,泰碩,6971785,"4,448",435155937,63.50,63.60,61.50,62.80,+,0.2,62.70,8,62.80,26,24.06,
3346,麗清,427475,322,15731282,36.80,37.30,36.55,36.60,-,0.1,36.55,17,36.75,3,15.57,
3356,奇偶,228696,157,7388182,32.45,32.45,32.20,32.45,,0.0,32.40,1,32.45,5,20.28,
3376,新日興,1709524,"1,248",214519735,128.50,128.50,124.00,125.00,-,3.0,125.00,40,125.50,2,17.29,
3380,明泰,23984935,"9,654",530995113,21.15,22.60,21.15,21.90,+,1.2,21.90,124,21.95,5,0.00,
3383,新世紀,97218,25,78704,0.80,0.83,0.80,0.83,+,0.03,0.83,29,0.84,22,0.00,
3406,玉晶光,9818263,"7,321",4141636275,417.00,432.00,411.00,420.00,X,0.0,420.00,3,421.00,1,56.91,
3413,京鼎,366435,271,45612375,124.50,126.00,123.00,125.00,+,2.0,124.50,1,125.00,22,10.25,
3416,融程電,34201,29,1784752,52.40,52.40,52.00,52.10,-,0.3,52.10,3,52.20,2,17.14,
3419,譁裕,8183113,"3,706",141459346,16.90,17.60,16.90,17.25,+,0.8,17.25,33,17.30,62,35.94,
3432,台端,86008,55,1212474,14.15,14.25,14.00,14.00,-,0.15,14.00,37,14.10,8,3.06,
3437,榮創,543230,249,8733460,16.05,16.20,15.95,16.10,+,0.15,16.10,2,16.15,16,0.00,
3443,創意,4459246,"3,510",1180235059,265.00,269.00,260.00,265.50,+,0.5,265.50,2,266.00,22,38.09,
3450,聯鈞,1502884,"1,033",87610871,58.30,58.80,57.90,58.80,+,0.2,58.70,15,58.80,29,16.99,
3454,晶睿,356230,281,43840674,125.00,125.00,122.00,122.50,-,1.5,122.50,19,123.00,1,28.55,
3481,群創,75662529,"10,420",551850328,7.34,7.37,7.27,7.27,-,0.07,7.27,"2,084",7.28,227,0.00,
3494,誠研,256086,73,1123353,4.40,4.44,4.36,4.37,-,0.08,4.37,9,4.40,8,0.00,
3501,維熹,279637,181,15148150,54.00,54.40,53.80,54.40,+,0.4,54.30,15,54.40,19,8.73,
3504,揚明光,1713100,"1,220",164622880,97.00,97.40,95.20,95.20,-,0.8,95.20,13,95.30,6,60.25,
3515,華擎,120000,87,7024200,58.70,58.70,58.30,58.70,,0.0,58.60,1,58.70,3,14.11,
3518,柏騰,858200,515,19071268,21.35,22.80,21.35,21.85,+,0.65,21.80,30,21.85,2,0.00,
3528,安馳,30549,33,1232773,40.40,40.40,40.35,40.35,,0.0,40.35,8,40.40,91,14.73,
3530,晶相光,169000,122,13058400,78.00,78.10,77.00,77.40,-,0.6,77.40,1,77.50,6,46.35,
3532,台勝科,1444335,"1,090",165205690,113.50,116.00,112.00,116.00,+,2.5,115.50,62,116.00,160,8.19,
3533,嘉澤,1519201,"1,146",356842631,237.50,237.50,233.00,233.50,-,2.5,233.50,31,234.00,10,14.46,
3535,晶彩科,1910640,"1,039",50641795,26.60,26.65,26.35,26.45,+,0.15,26.45,7,26.50,17,9.41,
3536,誠創,21570,14,137214,6.19,6.70,6.19,6.69,-,0.02,6.56,3,6.70,7,0.00,
3545,敦泰,3542405,"1,535",84349903,23.40,24.10,23.40,23.95,+,0.65,23.95,12,24.00,155,0.00,
3550,聯穎,48001,32,709315,14.80,14.80,14.75,14.75,-,0.05,14.75,1,14.80,4,13.29,
3557,嘉威,334261,190,8459703,25.00,25.80,25.00,25.10,+,0.1,25.00,167,25.10,17,167.33,
3563,牧德,1475037,"1,288",582413626,393.00,399.00,389.00,394.50,-,2.5,394.50,4,395.00,1,12.52,
3576,聯合再生,3182392,940,27479349,8.60,8.70,8.60,8.64,+,0.04,8.63,75,8.64,2,0.00,
3583,辛耘,396000,313,25528800,64.30,64.90,64.00,64.60,+,0.8,64.60,15,64.70,1,10.45,
3588,通嘉,184775,121,4481600,24.35,24.70,24.05,24.05,-,0.25,24.05,23,24.20,2,33.40,
3591,艾笛森,2520301,472,37063341,14.30,14.90,14.30,14.65,+,0.35,14.65,36,14.70,6,41.86,
3593,力銘,1110,9,8276,--,--,--,--,,0.0,7.37,1,7.53,2,0.00,
3596,智易,15483116,"10,283",1766904814,113.50,118.00,110.00,110.50,-,1.5,110.50,120,111.00,20,21.01,
3605,宏致,315493,205,7015844,22.10,22.35,22.10,22.30,X,0.0,22.30,4,22.35,6,8.17,
3607,谷崧,267001,150,5080369,18.95,19.30,18.85,18.90,+,0.1,18.90,4,19.00,4,0.00,
3617,碩天,52000,43,4827100,92.60,93.30,92.40,92.70,,0.0,92.60,6,92.80,2,12.70,
3622,洋華,145654,81,2684099,18.50,18.50,18.30,18.40,+,0.1,18.40,8,18.45,7,20.00,
3645,達邁,675300,472,32998583,48.95,49.25,48.60,49.00,+,0.05,49.00,1,49.05,10,18.77,
3653,健策,2059050,"1,649",282954850,139.00,139.50,136.00,137.50,+,0.5,137.50,10,138.00,56,26.75,
3661,世芯-KY,3892000,"2,934",399043998,103.00,105.00,100.50,102.00,,0.0,102.00,66,102.50,57,25.12,
3665,貿聯-KY,2453486,"1,947",579055434,236.00,238.50,233.50,236.00,-,7.5,236.00,7,236.50,5,18.67,
3669,圓展,49000,16,809400,16.50,16.60,16.50,16.55,,0.0,16.50,11,16.55,2,206.88,
3673,TPK-KY,4512000,"2,574",241621798,52.90,53.90,52.80,53.80,+,1.2,53.70,48,53.80,115,122.27,
3679,新至陞,27143,22,1224135,44.60,45.40,44.60,45.00,+,0.05,44.95,1,45.00,2,8.89,
3682,亞太電,3157335,768,22857642,7.25,7.30,7.21,7.24,+,0.02,7.23,77,7.24,28,0.00,
3686,達能,244129,39,380773,1.59,1.59,1.52,1.55,+,0.01,1.54,12,1.55,1,0.00,
3694,海華,105589,55,2218698,20.95,21.40,20.80,21.10,+,0.05,21.10,1,21.15,1,0.00,
3698,隆達,961716,461,15058066,15.70,15.80,15.50,15.65,+,0.1,15.65,7,15.70,75,40.13,
3701,大眾控,1466,15,20739,--,--,--,--,,0.0,13.25,15,13.40,1,7.84,
3702,大聯大,1724328,"1,000",71437965,41.35,41.55,41.25,41.40,+,0.25,41.40,149,41.45,6,10.10,
3703,欣陸,1288250,347,22598135,17.50,17.60,17.45,17.55,+,0.15,17.55,8,17.60,160,6.72,
3704,合勤控,30748105,"13,856",786212257,25.20,26.25,24.65,24.85,-,0.35,24.85,51,24.90,57,0.00,
3705,永信,357597,253,14717595,41.40,41.40,41.10,41.10,-,0.25,41.10,7,41.15,8,15.63,
3706,神達,1003930,494,32131560,32.10,32.10,31.95,32.05,+,0.2,32.05,1,32.10,136,12.37,
3708,上緯投控,487400,402,39096938,80.90,80.90,79.80,79.90,+,0.2,79.90,3,80.00,2,6.55,
3711,日月光投控,4949062,"2,714",350081060,71.00,71.10,70.00,71.00,+,0.1,70.90,88,71.00,285,11.95,
3712,永崴投控,533542,314,13065173,24.45,24.60,24.40,24.60,+,0.15,24.55,4,24.60,18,0.00,
4104,佳醫,1507831,920,77235886,51.80,51.80,50.80,50.90,X,0.0,50.90,17,51.00,5,13.68,
4106,雃博,200100,93,5340090,26.70,26.85,26.50,26.65,X,0.0,26.60,4,26.70,6,22.02,
4108,懷特,861100,511,18248829,21.65,21.65,21.00,21.10,-,0.65,21.05,28,21.10,1,0.00,
4119,旭富,1525039,987,156133955,103.50,104.00,101.00,102.00,-,1.5,101.50,95,102.00,19,14.74,
4133,亞諾法,15085,13,425859,28.25,28.30,28.15,28.25,-,0.05,28.15,9,28.25,10,47.88,
4137,麗豐-KY,773185,697,202402100,265.00,266.50,259.00,259.00,X,0.0,259.00,48,260.00,1,16.01,
4141,龍燈-KY,38180,27,674990,17.65,17.70,17.65,17.70,,0.0,17.65,7,17.75,4,295.00,
4142,國光生,2939836,"1,040",68041428,23.45,23.55,23.00,23.10,-,0.35,23.05,68,23.15,3,0.00,
4144,康聯-KY,93182,72,2758962,29.75,29.75,29.50,29.70,-,0.05,29.70,5,29.75,2,20.20,
4148,全宇生技-KY,437535,296,24376513,54.90,56.70,54.00,56.20,+,1.6,56.20,1,56.30,4,15.27,
4155,訊映,313010,149,9368894,29.90,30.10,29.70,29.90,+,0.1,29.85,6,29.90,139,14.88,
4164,承業醫,1138667,718,54934630,48.20,48.65,47.80,48.10,+,0.4,48.10,9,48.15,1,18.29,
4190,佐登-KY,481600,361,52329800,111.00,111.00,107.50,108.00,-,2.0,108.00,2,108.50,4,13.60,
4306,炎洲,1790663,604,22484542,12.65,12.65,12.45,12.60,-,0.05,12.55,35,12.60,84,30.73,
4414,如興,1121380,421,16189071,14.40,14.50,14.40,14.40,,0.0,14.40,127,14.45,12,0.00,
4426,利勤,1326708,"1,076",81370803,60.60,62.40,60.50,62.10,+,1.5,62.10,12,62.20,6,28.23,
4438,廣越,259150,199,42837824,164.50,166.00,164.50,164.50,,0.0,164.50,20,165.50,42,20.21,
4526,東台,144341,76,2613821,18.20,18.25,18.05,18.10,X,0.0,18.10,37,18.20,10,12.93,
4532,瑞智,134286,103,3310776,24.70,24.70,24.60,24.65,,0.0,24.65,12,24.70,4,11.47,
4536,拓凱,499110,412,86007920,173.00,174.00,171.00,172.50,-,1.0,172.50,121,173.00,2,15.60,
4540,全球傳動,2846750,"1,694",206499849,71.50,73.80,70.50,73.00,X,0.0,72.90,6,73.00,37,13.54,
4545,銘鈺,34000,24,820250,24.10,24.30,23.95,24.15,+,0.3,24.15,1,24.20,4,0.00,
4551,智伸科,255056,187,31557612,123.50,125.50,122.00,125.50,+,2.0,125.50,1,126.00,38,19.52,
4552,力達-KY,101600,85,5077520,50.20,50.20,49.90,49.95,,0.0,49.95,2,50.10,4,7.68,
4555,氣立,5000,5,268400,53.50,54.10,53.30,53.50,,0.0,53.50,1,54.30,2,29.24,
4557,永新-KY,23001,18,1567469,68.20,68.30,68.10,68.30,+,0.3,68.20,2,68.30,5,12.00,
4560,強信-KY,549041,394,26246503,48.25,48.70,47.15,47.35,-,1.1,47.30,1,47.40,2,8.23,
4562,穎漢,30100,23,952150,31.70,31.85,31.50,31.50,-,0.4,31.40,1,31.70,4,14.13,
4564,元翎,4181006,"2,561",252166361,58.20,61.40,58.20,60.90,+,3.0,60.80,22,60.90,7,21.44,
4566,時碩工業,607862,401,26548278,43.40,44.20,43.00,43.90,X,0.0,43.90,94,44.00,2,13.89,
4720,德淵,1135254,536,16847054,13.60,14.95,13.60,14.90,+,1.3,14.85,3,14.90,56,33.11,
4722,國精化,52540,32,1451780,27.65,27.65,27.60,27.65,,0.0,27.60,17,27.65,1,11.10,
4725,信昌化,1892445,"1,086",34413552,18.45,18.50,18.05,18.10,-,0.35,18.05,286,18.10,1,51.71,
4737,華廣,14623,16,735661,49.70,50.60,49.60,50.50,+,0.8,50.10,1,50.60,4,23.93,
4739,康普,537472,402,41574767,77.50,77.60,77.20,77.50,-,0.8,77.30,10,77.50,3,27.00,
4746,台耀,160803,109,6153793,38.20,38.60,38.15,38.30,,0.0,38.30,6,38.35,6,100.79,
4755,三福化,15166,15,672887,44.30,44.55,44.15,44.50,+,0.05,44.25,1,44.50,2,10.85,
4763,材料-KY,36000,34,5089500,141.00,142.00,141.00,141.00,-,0.5,141.00,7,141.50,4,29.81,
4764,雙鍵,101178,75,8237742,81.50,81.90,80.80,81.80,+,0.2,81.60,2,81.80,3,10.55,
4766,南寶,175356,158,30987190,178.00,178.50,175.00,178.00,+,0.5,177.50,37,178.00,4,29.77,
4807,日成-KY,7001,7,236934,33.85,33.85,33.80,33.85,+,0.05,33.80,3,33.90,6,11.06,
4904,遠傳,2062527,"1,241",148299392,71.60,72.10,71.60,71.80,+,0.2,71.80,16,71.90,7,25.55,
4906,正文,21791700,"7,259",607760511,27.60,28.35,27.40,27.60,+,0.4,27.55,9,27.60,45,552.00,
4912,聯德控股-KY,108200,93,15143500,138.00,142.00,137.50,139.00,+,2.5,139.00,2,140.00,2,15.33,
4915,致伸,4509850,"2,631",241007812,53.80,53.90,52.70,53.80,+,0.9,53.70,66,53.80,32,13.15,
4916,事欣科,331507,192,11396540,34.10,34.60,34.10,34.50,+,0.4,34.40,4,34.50,8,11.13,
4919,新唐,1301596,898,67395132,52.10,52.20,51.40,51.90,+,0.2,51.80,14,51.90,20,16.80,
4927,泰鼎-KY,3889178,"1,995",193745645,49.60,50.20,49.40,49.85,+,0.45,49.85,25,49.90,293,9.35,
4930,燦星網,61500,32,711050,11.55,11.70,11.50,11.55,,0.0,11.50,15,11.55,2,0.00,
4934,太極,1574757,382,6120808,3.82,3.95,3.79,3.93,+,0.11,3.88,10,3.93,12,0.00,
4935,茂林-KY,1444682,939,87434751,61.80,62.40,59.90,60.10,-,1.6,60.10,17,60.20,3,35.99,
4938,和碩,7485400,"3,746",426730234,56.30,57.50,56.30,57.40,+,1.3,57.40,121,57.50,225,14.46,
4942,嘉彰,1436536,949,57121136,39.65,40.25,39.30,39.85,+,0.65,39.85,3,39.90,5,7.41,
4943,康控-KY,6167983,"4,504",1078304525,172.00,177.50,171.50,175.00,+,5.5,174.50,25,175.50,17,26.00,
4952,凌通,223024,162,7888454,35.45,35.55,35.20,35.50,+,0.4,35.50,8,35.55,8,14.49,
4956,光鋐,177000,111,2688550,15.30,15.30,15.05,15.20,,0.0,15.20,22,15.25,7,0.00,
4958,臻鼎-KY,4725584,"2,425",545731744,115.00,117.00,114.00,116.00,+,1.0,116.00,13,116.50,67,11.06,
4960,誠美材,1067500,516,10399020,9.60,9.89,9.52,9.60,,0.0,9.60,11,9.73,1,0.00,
4961,天鈺,1635500,926,66422300,40.00,41.00,40.00,40.80,+,0.85,40.80,15,40.85,24,19.15,
4967,十銓,607500,264,17649774,29.15,29.15,28.95,29.15,+,0.2,29.10,13,29.15,38,11.43,
4968,立積,7976899,"5,487",986472678,123.00,126.50,121.00,122.50,+,2.0,122.50,6,123.00,19,56.98,
4976,佳凌,523288,346,17866163,33.95,34.35,33.80,34.20,+,0.4,34.20,6,34.25,1,142.50,
4977,眾達-KY,733615,624,65087865,90.20,90.20,87.40,89.50,-,0.3,89.50,3,89.60,2,24.19,
4989,榮科,152100,108,3660305,24.20,24.20,23.90,24.00,+,0.05,24.00,1,24.10,5,17.52,
4994,傳奇,842917,695,82379332,97.80,99.10,96.60,96.60,,0.0,96.60,6,96.70,3,0.00,
4999,鑫禾,40000,37,1759050,43.85,44.10,43.85,44.05,+,0.2,44.00,9,44.05,1,7.22,
5007,三星,160000,69,8347400,51.60,52.50,51.60,52.30,+,0.7,52.20,10,52.50,7,14.41,
5203,訊連,49549,44,4001074,80.80,81.20,80.50,80.70,+,0.2,80.60,7,80.90,1,19.35,
5215,科嘉-KY,2465254,"1,716",121525999,50.30,50.60,47.70,49.80,-,0.9,49.80,50,50.10,2,12.42,
5225,東科-KY,114060,73,4831547,42.00,42.65,42.00,42.50,-,0.15,42.50,5,42.60,1,7.43,
5234,達興材料,532951,429,50341682,94.50,95.20,93.80,94.20,+,0.5,94.10,25,94.30,1,14.36,
5243,乙盛-KY,933737,630,37979248,41.05,41.05,40.15,40.60,-,0.5,40.60,52,40.65,1,16.64,
5258,虹堡,2164861,"1,333",56194079,25.30,26.45,25.30,26.45,+,0.7,26.45,4,26.50,43,0.00,
5259,清惠,582129,40,8479400,17.10,17.10,17.10,17.10,+,1.55,17.10,"1,401",--,0,0.00,
5264,鎧勝-KY,1336643,942,66973250,50.20,50.50,49.80,50.00,+,0.05,50.00,22,50.10,1,0.00,
5269,祥碩,453159,397,243030906,537.00,540.00,533.00,535.00,-,2.0,535.00,3,536.00,1,29.72,
5283,禾聯碩,1340448,927,141220155,104.50,106.50,104.00,106.50,+,2.0,106.50,6,107.00,55,7.52,
5284,jpp-KY,17000,15,984200,57.90,58.00,57.80,58.00,,0.0,57.80,4,58.20,4,15.55,
5285,界霖,135000,83,9100500,67.60,67.60,67.00,67.00,-,0.6,67.00,2,67.40,2,16.50,
5288,豐祥-KY,416200,319,55717400,133.50,135.00,132.50,134.50,+,3.5,134.00,1,134.50,9,14.51,
5305,敦南,2087954,"1,192",67895801,33.00,33.10,32.35,32.45,-,0.65,32.45,5,32.50,143,10.93,
5388,中磊,7256281,"4,752",528844883,72.00,73.80,71.30,73.30,+,2.2,73.30,2,73.40,12,21.56,
5434,崇越,414455,347,34670532,83.90,84.10,83.20,83.90,,0.0,83.80,14,84.00,14,9.99,
5469,瀚宇博,7568167,"3,582",264825795,35.00,35.50,34.50,35.20,+,0.5,35.10,4,35.20,22,8.82,
5471,松翰,281450,176,8836046,31.35,31.80,31.20,31.60,+,0.4,31.50,5,31.65,2,14.98,
5484,慧友,415985,133,2165477,5.35,5.35,5.14,5.20,-,0.2,5.20,8,5.25,4,0.00,
5515,建國,253451,49,2529109,9.95,10.00,9.92,9.96,+,0.01,9.96,5,9.99,5,15.09,
5519,隆大,729067,275,12087407,16.70,16.70,16.55,16.55,-,0.05,16.55,153,16.60,18,5.97,
5521,工信,187010,94,1357988,7.33,7.33,7.23,7.26,+,0.04,7.24,24,7.26,17,0.00,
5522,遠雄,356440,212,13684334,38.30,38.50,38.20,38.45,+,0.15,38.45,2,38.50,2,13.88,
5525,順天,194120,125,5418672,28.10,28.15,27.30,28.00,-,0.1,27.95,9,28.15,8,5.81,
5531,鄉林,322848,127,3156444,9.81,9.81,9.74,9.80,-,0.02,9.80,4,9.83,2,0.00,
5533,皇鼎,56500,13,887549,15.70,15.75,15.70,15.75,+,0.05,15.75,12,15.80,6,25.40,
5534,長虹,439092,319,38575051,87.60,88.30,87.30,88.00,+,0.3,88.00,28,88.20,15,10.59,
5538,東明-KY,7000,5,239700,33.50,34.50,33.50,34.50,+,1.05,33.55,1,34.50,3,12.28,
5607,遠雄港,356000,143,7253600,20.30,20.60,20.20,20.35,+,0.05,20.35,12,20.45,13,15.53,
5608,四維航,154602,87,1451654,9.40,9.45,9.35,9.44,-,0.02,9.39,13,9.44,13,0.00,
5706,鳳凰,24530,24,883186,35.95,36.30,35.90,36.10,+,0.2,36.00,10,36.30,3,12.36,
5871,中租-KY,3200502,"1,814",443859278,137.00,139.50,137.00,139.00,+,3.0,138.50,58,139.00,92,12.88,
5876,上海商銀,14892358,"5,620",777917316,53.30,53.40,51.70,51.70,-,1.8,51.60,231,51.70,116,14.73,
5880,合庫金,8988962,"2,464",189999007,21.00,21.20,20.95,21.20,+,0.2,21.20,29,21.25,526,16.83,
5906,台南-KY,56155,29,739746,13.00,13.35,13.00,13.30,,0.0,13.25,2,13.30,7,23.75,
5907,大洋-KY,410000,331,13481050,33.00,33.00,32.80,32.80,+,0.05,32.80,77,32.95,2,11.59,
6005,群益證,2606762,288,24916839,9.55,9.57,9.55,9.56,+,0.01,9.56,165,9.57,57,18.38,
6024,群益期,89910,77,3921129,43.50,43.70,43.50,43.70,+,0.2,43.65,14,43.70,5,13.16,
6108,競國,790468,453,22165622,28.20,28.30,27.80,27.80,-,0.35,27.80,1,27.85,2,7.24,
6112,聚碩,343684,223,11297415,33.15,33.15,32.70,32.75,-,0.3,32.75,19,32.80,1,11.78,
6115,鎰勝,94000,48,3893300,41.50,41.50,41.35,41.45,,0.0,41.40,6,41.45,5,13.16,
6116,彩晶,9769615,"2,207",67744441,6.98,6.99,6.91,6.91,-,0.05,6.91,240,6.93,10,62.82,
6117,迎廣,3300,4,48810,15.00,15.00,14.70,14.70,-,0.05,14.70,3,14.90,1,0.00,
6120,達運,1516192,647,28032150,18.30,18.65,18.20,18.55,+,0.3,18.50,13,18.55,17,618.33,
6128,上福,135568,95,4536798,33.50,33.65,33.15,33.50,X,0.0,33.50,23,33.55,9,39.88,
6131,悠克,17723,9,29877,1.67,1.70,1.67,1.70,,0.0,1.70,6,1.73,3,0.00,
6133,金橋,20734,19,177048,8.54,8.55,8.54,8.54,-,0.05,8.54,1,8.59,3,29.45,
6136,富爾特,65276,46,1299370,19.85,19.95,19.85,19.95,+,0.15,19.95,1,20.00,18,28.10,
6139,亞翔,423450,268,12214376,28.70,29.10,28.60,28.95,+,0.4,28.85,5,28.95,13,13.47,
6141,柏承,279000,152,5427050,19.60,19.60,19.40,19.45,,0.0,19.45,12,19.50,12,0.00,
6142,友勁,481082,167,4130197,8.65,8.65,8.54,8.59,+,0.07,8.59,2,8.60,4,0.00,
6152,百一,1085196,418,7066939,6.50,6.66,6.38,6.45,-,0.03,6.45,403,6.48,5,0.00,
6153,嘉聯益,23531467,"10,518",799084505,33.50,34.40,33.20,34.20,+,1.3,34.20,36,34.25,46,17.01,
6155,鈞寶,227140,153,4736390,20.95,21.00,20.70,20.90,+,0.05,20.90,10,20.95,1,11.36,
6164,華興,109351,73,807341,7.43,7.44,7.35,7.37,-,0.06,7.37,4,7.40,1,43.35,
6165,捷泰,202005,60,1548457,7.80,7.80,7.50,7.73,-,0.06,7.58,3,7.73,9,0.00,
6166,凌華,412226,296,16949816,41.00,41.50,40.65,41.50,+,1.0,41.40,4,41.50,10,27.12,
6168,宏齊,596319,297,9126679,15.15,15.40,15.15,15.30,+,0.15,15.25,29,15.30,2,12.97,
6172,互億,247346,129,3655686,14.85,15.00,14.70,14.75,-,0.1,14.75,17,14.80,4,30.73,
6176,瑞儀,3325662,"1,774",404620102,122.00,124.00,120.00,122.00,-,1.0,122.00,12,122.50,62,8.91,
6177,達麗,188084,87,5598495,29.65,29.85,29.65,29.75,+,0.1,29.75,22,29.80,6,10.90,
6183,關貿,150287,75,5235729,35.05,35.10,34.70,34.95,-,0.1,34.85,2,35.00,3,20.20,
6184,大豐電,110454,42,3918415,35.40,35.55,35.40,35.50,+,0.1,35.50,5,35.75,10,13.81,
6189,豐藝,285248,190,9256629,32.40,32.60,32.20,32.60,+,0.35,32.55,14,32.60,20,10.55,
6191,精成科,3678782,900,57173004,15.55,15.65,15.40,15.55,X,0.0,15.55,161,15.60,91,12.24,
6192,巨路,1321837,"1,022",115355856,87.80,89.20,85.30,85.60,-,1.6,85.60,2,85.90,1,10.93,
6196,帆宣,592574,427,31807338,54.00,54.30,53.20,53.80,+,0.1,53.80,9,53.90,17,13.62,
6197,佳必琪,146805,105,4332793,29.70,29.70,29.35,29.40,-,0.15,29.35,2,29.40,1,11.71,
6201,亞弘電,59400,44,2182120,36.75,36.85,36.60,36.75,+,0.05,36.70,13,36.75,1,11.31,
6202,盛群,598085,418,44729175,74.50,75.10,74.20,74.80,+,0.6,74.70,4,74.80,16,16.26,
6205,詮欣,17000,8,439500,25.80,25.95,25.80,25.95,+,0.1,25.80,8,25.95,1,11.74,
6206,飛捷,118151,105,8981519,75.00,77.00,75.00,75.90,+,1.3,75.80,8,75.90,1,13.00,
6209,今國光,902933,591,28184998,31.20,31.55,30.90,31.35,+,0.35,31.30,13,31.35,11,0.00,
6213,聯茂,5077850,"3,264",647098950,126.00,130.00,124.00,127.00,+,1.5,127.00,98,127.50,2,20.03,
6214,精誠,787327,494,56427906,71.70,72.00,71.30,71.90,+,0.3,71.80,18,71.90,2,16.05,
6215,和椿,379189,194,6305277,16.50,16.80,16.40,16.60,+,0.2,16.60,3,16.65,1,27.67,
6216,居易,62186,44,1802525,29.00,29.00,28.95,29.00,+,0.1,28.95,21,29.00,3,14.08,
6224,聚鼎,631196,413,41305193,65.80,66.10,64.60,66.00,+,0.7,66.00,15,66.10,6,16.92,
6225,天瀚,3000,3,8640,2.88,2.88,2.88,2.88,-,0.01,2.72,3,2.91,3,0.00,
6226,光鼎,211641,72,1609854,7.65,7.65,7.55,7.64,,0.0,7.60,3,7.64,28,0.00,
6230,超眾,4577678,"3,582",1096154864,250.00,250.00,231.50,236.50,-,14.0,236.50,58,237.00,14,29.02,
6235,華孚,289200,116,4040130,13.95,14.15,13.90,13.90,-,0.05,13.90,30,13.95,5,12.41,
6239,力成,7992580,"4,780",695764460,87.50,87.90,85.50,87.00,-,0.2,87.00,353,87.10,4,11.27,
6243,迅杰,829331,389,9427988,11.45,11.60,11.15,11.15,+,0.15,11.15,21,11.20,1,0.00,
6251,定穎,1329637,395,12989757,9.60,9.95,9.57,9.82,+,0.22,9.82,4,9.83,6,0.00,
6257,矽格,3175051,"1,707",95260167,29.90,30.30,29.85,29.90,+,0.45,29.90,7,29.95,20,10.17,
6269,台郡,5476231,"3,199",522536215,94.30,95.90,94.30,95.80,+,1.7,95.80,3,95.90,76,11.95,
6271,同欣電,2342775,"1,632",301596200,131.00,131.00,127.00,127.50,X,0.0,127.50,18,128.00,151,21.76,
6277,宏正,904385,664,78424395,85.70,87.90,85.60,87.40,X,0.0,87.30,5,87.40,4,6.92,
6278,台表科,10138571,"5,933",746766750,72.30,74.80,71.70,73.50,+,1.2,73.50,212,73.80,3,18.85,
6281,全國電,21000,16,1349000,64.10,64.40,64.10,64.30,+,0.2,64.10,21,64.40,1,18.37,
6282,康舒,2088500,895,44965950,21.45,21.60,21.35,21.60,+,0.2,21.55,37,21.60,194,9.43,
6283,淳安,78050,67,2783232,35.45,35.85,35.45,35.70,+,0.25,35.65,3,35.70,4,119.00,
6285,啟碁,1840411,"1,153",145533069,79.50,79.50,78.80,79.20,+,0.4,79.10,1,79.20,22,16.26,
6288,聯嘉,706000,307,14058850,19.70,20.00,19.70,19.80,X,0.0,19.80,16,19.90,2,22.00,
6289,華上,42208,17,23794,0.57,0.57,0.56,0.56,-,0.01,0.55,75,0.57,1,2.24,
6405,悅城,37049,29,518692,13.95,14.20,13.85,13.85,+,0.05,13.85,3,13.95,2,0.00,
6409,旭隼,158212,78,104738920,671.00,671.00,659.00,663.00,+,4.0,663.00,3,665.00,1,27.53,
6412,群電,577960,410,32612655,56.00,57.00,55.90,55.90,-,0.7,55.90,1,56.00,14,18.45,
6414,樺漢,1188869,993,275908846,231.00,234.00,230.00,234.00,+,5.0,233.50,12,234.00,8,19.01,
6415,矽力-KY,313906,310,197580156,622.00,638.00,614.00,630.00,+,8.0,629.00,7,630.00,1,31.93,
6416,瑞祺電通,210182,172,16502678,78.30,79.00,77.80,78.60,X,0.0,78.60,10,78.70,6,15.06,
6431,光麗-KY,70000,42,1758000,25.40,25.40,25.00,25.30,-,0.1,25.25,1,25.30,31,0.00,
6442,光聖,43237,30,1582251,36.30,37.30,36.30,36.60,+,0.3,36.60,1,36.90,1,12.58,
6443,元晶,579270,256,4909664,8.34,8.59,8.34,8.50,+,0.04,8.49,63,8.50,1,0.00,
6449,鈺邦,106830,74,3159165,29.40,29.80,29.30,29.65,+,0.25,29.60,4,29.70,2,21.33,
6451,訊芯-KY,3681607,"2,430",433133305,119.00,120.00,115.00,115.00,+,0.5,115.00,44,115.50,32,27.98,
6452,康友-KY,302035,260,70408585,234.50,234.50,232.00,232.00,-,2.0,232.00,4,233.00,4,15.89,
6456,GIS-KY,3881643,"2,477",429625689,111.00,111.50,109.50,111.00,+,0.5,111.00,23,111.50,173,9.22,
6464,台數科,337410,11,38768900,110.50,111.50,110.50,111.50,+,1.0,111.00,5,112.00,3,21.53,
6477,安集,147000,73,3136050,21.30,21.40,21.20,21.35,+,0.15,21.35,5,21.40,3,8.12,
6504,南六,61803,63,9528859,154.50,154.50,153.50,153.50,-,0.5,153.00,4,154.00,3,18.32,
6505,台塑化,1222591,918,130337528,106.00,107.50,105.50,107.00,+,1.0,107.00,32,107.50,246,19.96,
6525,捷敏-KY,404100,298,26498880,65.00,66.20,64.70,65.30,+,0.7,65.20,21,65.40,2,9.59,
6531,愛普,37000,31,1494050,40.80,40.80,40.15,40.45,+,0.4,40.45,1,40.75,1,0.00,
6533,晶心科,6338624,"4,880",923525860,142.50,151.50,140.00,140.00,-,0.5,139.50,16,140.00,18,152.17,
6541,泰福-KY,603100,443,46009700,78.00,78.00,75.50,75.70,-,2.7,75.70,3,75.90,5,0.00,
6552,易華電,7448240,"4,956",813149900,110.50,112.50,107.00,107.00,-,2.0,107.00,138,107.50,11,32.82,
6558,興能高,1534600,"1,139",97650240,63.40,64.80,62.80,63.80,X,0.0,63.70,1,63.90,1,33.40,
6573,虹揚-KY,96485,80,2433375,25.45,25.60,24.95,25.00,X,0.0,25.00,4,25.10,1,92.59,
6579,研揚,35000,27,2922300,83.30,83.80,83.20,83.70,+,0.4,83.70,3,83.80,4,18.00,
6581,鋼聯,19200,20,1850340,96.60,96.60,96.10,96.30,-,0.5,96.30,4,96.60,1,13.82,
6582,申豐,7000,7,382800,54.60,55.00,54.60,54.80,+,0.2,54.70,3,55.60,3,12.40,
6591,動力-KY,1466823,"1,061",71066416,49.40,49.45,47.60,47.70,-,0.8,47.70,8,47.80,1,24.34,
6605,帝寶,454180,301,33200430,72.10,74.20,72.00,73.10,+,1.3,73.10,1,73.20,1,11.98,
6625,必應,14100,14,707510,50.10,50.40,50.10,50.10,,0.0,50.00,8,50.20,4,14.07,
6641,基士德-KY,37045,31,2412447,65.00,65.40,64.90,65.20,+,0.5,65.10,4,65.40,1,10.38,
6655,科定,26000,18,1153450,44.70,44.70,44.15,44.30,X,0.0,44.25,2,44.65,1,14.15,
6666,羅麗芬-KY,459630,424,91615000,203.50,203.50,197.00,198.00,-,5.0,198.00,18,198.50,1,19.78,
6668,中揚光,236490,187,15930220,66.70,68.00,66.40,68.00,+,1.3,67.90,4,68.00,1,33.17,
6669,緯穎,4269812,"3,583",1657306560,381.50,397.00,376.00,381.50,+,2.5,381.00,9,381.50,6,11.94,
6670,復盛應用,1048485,879,179484390,174.50,174.50,170.00,172.00,-,1.0,172.00,13,172.50,17,10.87,
6671,三能-KY,95000,67,4069900,43.95,43.95,42.40,42.40,-,1.55,42.40,2,43.00,2,14.42,
6672,騰輝電子-KY,1677150,"1,268",149801942,88.90,91.40,87.00,90.60,+,2.4,90.50,11,90.60,3,14.45,
6674,鋐寶科技,204000,165,7031450,33.80,34.90,33.70,34.50,+,1.15,34.30,2,34.50,16,12.50,
8011,台通,698223,405,11757061,16.50,17.00,16.50,16.90,+,0.45,16.80,10,16.90,8,0.00,
8016,矽創,2858070,"1,975",394826800,137.50,140.50,136.00,139.00,+,3.0,139.00,37,139.50,6,18.31,
8021,尖點,455624,238,8754677,19.15,19.30,19.15,19.25,X,0.0,19.25,16,19.30,10,12.26,
8028,昇陽半導體,10354396,"6,599",706415963,70.50,70.50,67.10,67.60,-,1.6,67.60,54,67.70,13,33.80,
8033,雷虎,2200997,882,25791362,11.20,12.20,11.20,11.65,+,0.5,11.60,17,11.65,1,0.00,
8039,台虹,2902653,"1,827",136388341,46.55,47.45,46.30,47.10,+,0.65,47.05,9,47.10,4,17.32,
8046,南電,12650500,"6,223",560979423,44.75,44.75,44.00,44.40,-,0.6,44.35,74,44.40,38,0.00,
8070,長華,90924,71,14719149,161.50,162.50,161.50,161.50,,0.0,161.50,1,162.50,20,9.61,
8072,陞泰,23901,23,487584,20.45,20.45,20.40,20.40,-,0.05,20.35,4,20.40,1,0.00,
8081,致新,1505636,"1,148",151121836,99.00,101.50,98.10,101.00,+,2.9,101.00,16,101.50,48,15.10,
8101,華冠,258574,76,704886,2.77,2.79,2.67,2.67,-,0.08,2.67,36,2.74,5,0.00,
8103,瀚荃,108080,60,2662992,24.40,24.80,24.40,24.80,+,0.4,24.75,1,24.80,8,9.50,
8104,錸寶,1716884,"1,292",108362692,61.70,64.40,60.70,63.00,+,1.4,63.00,3,63.30,4,12.52,
8105,凌巨,2766348,941,33400391,11.90,12.20,11.85,12.05,+,0.2,12.05,43,12.10,119,0.00,
8110,華東,2001370,585,20723258,10.35,10.45,10.25,10.30,X,0.0,10.30,37,10.35,3,21.91,
8112,至上,2731315,"1,534",76196496,27.90,28.15,27.60,28.15,+,0.3,28.15,15,28.20,99,7.80,
8114,振樺電,310327,258,34566783,110.50,112.50,110.50,111.50,+,1.5,111.50,3,112.00,32,11.89,
8131,福懋科,223504,159,7614662,34.15,34.25,33.90,34.05,-,0.05,34.05,8,34.10,37,10.81,
8150,南茂,8419095,"3,678",234585791,27.80,28.10,27.40,28.05,+,0.5,28.00,91,28.05,40,16.03,
8163,達方,946850,665,39652319,41.85,42.00,41.60,42.00,+,0.45,42.00,24,42.05,6,7.46,
8201,無敵,127233,62,1630657,12.90,13.00,12.70,12.75,-,0.15,12.75,3,12.80,5,0.00,
8210,勤誠,399614,315,25244842,63.70,63.80,62.70,63.10,-,0.6,63.10,22,63.30,3,9.75,
8213,志超,5045023,"2,921",210930655,41.95,42.40,41.10,41.85,+,0.4,41.85,35,41.90,1,9.28,
8215,明基材,1547290,766,37224818,24.00,24.25,23.85,24.15,X,0.0,24.10,33,24.15,6,26.83,
8222,寶一,80139,46,1624414,20.30,20.35,20.20,20.25,-,0.1,20.25,2,20.30,1,25.63,
8249,菱光,269207,74,5888524,21.70,22.10,21.65,21.90,+,0.2,21.90,10,22.00,1,11.59,
8261,富鼎,686140,462,20175616,29.65,29.70,29.00,29.40,-,0.1,29.40,4,29.45,9,14.07,
8271,宇瞻,252900,145,8119581,32.15,32.25,32.00,32.15,+,0.15,32.15,4,32.25,1,9.80,
8341,日友,133060,120,36046820,271.00,272.00,270.00,270.00,,0.0,270.00,2,271.00,4,35.95,
8367,建新國際,29035,14,676362,23.30,23.30,23.15,23.15,+,0.05,23.10,3,23.35,3,14.03,
8374,羅昇,196320,93,3999826,20.65,20.65,20.10,20.55,+,0.25,20.35,2,20.55,5,23.90,
8404,百和興業-KY,550367,236,27596750,50.40,50.70,50.00,50.00,-,0.7,50.00,33,50.20,20,40.32,
8411,福貞-KY,1394843,664,24738157,18.15,18.30,17.15,17.60,-,0.15,17.30,2,17.60,3,0.00,
8422,可寧衛,116975,161,18721975,160.00,160.50,159.50,160.00,,0.0,160.00,6,160.50,18,14.34,
8427,基勝-KY,0,0,0,--,--,--,--,,0.0,39.75,2,40.20,1,57.61,
8429,金麗-KY,455190,268,6810524,14.95,15.10,14.85,14.85,,0.0,14.85,30,14.90,3,7.54,
8442,威宏-KY,58000,30,3352600,57.50,58.00,57.50,57.90,+,0.4,57.50,2,57.90,5,16.04,
8443,阿瘦,19050,13,231005,12.25,12.25,12.10,12.10,,0.0,12.10,1,12.15,1,242.00,
8454,富邦媒,23420,24,6144700,262.00,264.00,261.00,262.00,+,0.5,261.00,1,262.00,1,25.71,
8462,柏文,654090,596,163061770,249.50,252.00,245.00,250.50,-,3.0,250.50,4,251.00,3,31.59,
8463,潤泰材,39000,31,963850,24.80,24.80,24.65,24.65,-,0.1,24.65,2,24.70,10,31.20,
8464,億豐,393147,343,96862515,245.00,249.00,243.00,245.50,+,0.5,245.00,1,245.50,5,18.71,
8466,美吉吉-KY,49131,40,3944818,80.10,80.60,80.10,80.30,+,0.1,80.20,6,80.30,2,13.97,
8467,波力-KY,127000,107,6535600,51.10,52.80,50.10,51.50,+,0.7,51.10,3,51.50,1,18.13,
8473,山林水,74396,77,3881346,51.80,52.40,51.70,52.40,+,0.8,52.20,12,52.40,1,23.82,
8478,東哥遊艇,226225,190,11327670,49.90,51.00,49.20,49.20,-,0.75,49.20,11,49.70,1,30.94,
8480,泰昇-KY,60383,48,7353034,122.50,122.50,121.50,121.50,-,1.5,121.00,10,121.50,2,16.83,
8481,政伸,6000,4,364500,60.90,60.90,60.20,60.20,-,0.6,60.20,2,60.70,3,17.15,
8482,商億-KY,151000,53,21465500,142.50,143.50,141.50,142.50,-,1.0,142.00,2,143.00,1,15.64,
8488,吉源-KY,1075000,628,26116150,24.85,24.90,22.70,22.75,+,0.1,22.75,34,23.00,3,0.00,
8497,格威傳媒,37000,15,1862700,50.30,50.50,50.30,50.30,,0.0,50.30,1,50.50,7,10.39,
8499,鼎炫-KY,74250,69,8338624,112.50,113.00,111.50,112.50,+,1.0,112.00,6,112.50,6,13.01,
8926,台汽電,702419,241,18700906,26.60,26.70,26.55,26.65,+,0.05,26.65,11,26.70,86,18.25,
8940,新天地,140000,63,2048200,14.65,14.80,14.45,14.70,+,0.15,14.70,2,14.85,13,0.00,
8996,高力,50492,46,2171005,42.50,43.35,42.50,43.35,+,0.65,43.10,2,43.45,2,13.98,
9103,美德醫療-DR,101000,24,104140,1.04,1.04,1.03,1.04,,0.0,1.03,4,1.04,221,0.00,
910322,康師傅-DR,4000,2,102350,25.60,25.60,25.55,25.55,+,0.05,25.35,1,25.60,5,0.00,
910482,聖馬丁-DR,109210,9,33748,0.30,0.31,0.30,0.31,+,0.01,0.31,1,0.32,83,0.00,
9105,泰金寶-DR,810099,135,1904279,2.35,2.36,2.35,2.36,,0.0,2.35,254,2.36,314,0.00,
910861,神州-DR,0,0,0,--,--,--,--,,0.0,8.71,1,8.87,1,0.00,
9110,越南控-DR,60000,17,116730,1.97,1.99,1.92,1.99,-,0.03,1.94,5,1.97,3,0.00,
911608,明輝-DR,111000,19,89920,0.84,0.90,0.80,0.85,-,0.02,0.80,38,0.88,5,0.00,
911616,杜康-DR,54000,10,42960,0.80,0.80,0.78,0.80,,0.0,0.78,11,0.80,55,0.00,
911619,耀傑-DR,17000,3,2210,0.13,0.13,0.13,0.13,-,0.01,--,0,0.13,"1,146",0.00,
911622,泰聚亨-DR,1000,1,5860,5.86,5.86,5.86,5.86,X,0.0,5.86,1,6.80,5,0.00,
911868,同方友友-DR,79000,15,87070,1.12,1.13,1.08,1.12,,0.0,1.09,20,1.12,11,0.00,
912000,晨訊科-DR,6000,7,13460,2.28,2.28,2.28,2.28,,0.0,2.28,14,2.33,5,0.00,
912398,友佳-DR,7000,3,28180,4.09,4.09,4.00,4.00,-,0.1,4.00,16,4.07,3,0.00,
9136,巨騰-DR,38000,17,283600,7.50,7.52,7.42,7.50,,0.0,7.45,9,7.50,34,0.00,
9157,陽光能源-DR,33000,7,14890,0.45,0.47,0.45,0.47,,0.0,0.45,72,0.47,33,0.00,
9188,精熙-DR,11000,3,51850,4.72,4.72,4.69,4.69,-,0.03,4.69,1,4.70,5,0.00,
9802,鈺齊-KY,1645848,"1,213",144337339,88.50,89.20,86.50,86.50,-,2.0,86.50,4,86.70,14,16.17,
9902,台火,86008,30,816992,9.48,9.51,9.48,9.51,+,0.01,9.48,26,9.51,9,29.72,
9904,寶成,7683824,"2,966",301770255,39.45,39.50,39.10,39.25,-,0.2,39.25,51,39.30,36,9.99,
9905,大華,437000,282,10589450,24.20,24.45,24.15,24.40,X,0.0,24.40,28,24.45,8,16.94,
9906,欣巴巴,460655,265,8120497,17.65,18.00,17.45,17.50,-,0.45,17.50,10,17.60,1,0.00,
9907,統一實,1110927,575,13907770,12.45,12.65,12.40,12.65,+,0.25,12.60,23,12.65,56,13.32,
9908,大台北,280000,190,8171800,29.00,29.40,29.00,29.15,X,0.0,29.15,1,29.25,2,20.53,
9910,豐泰,1101819,872,234513809,212.50,215.50,211.00,211.00,-,1.5,211.00,15,212.00,17,23.58,
9911,櫻花,464016,345,21644688,47.00,47.20,46.35,46.40,-,0.45,46.40,24,46.60,9,12.64,
9912,偉聯,43729,26,387930,8.88,8.89,8.83,8.83,-,0.05,8.82,1,8.87,2,0.00,
9914,美利達,1013110,935,200907390,198.50,201.00,197.00,199.50,+,2.5,199.00,6,199.50,3,27.33,
9917,中保,130342,138,11365680,87.00,87.60,86.70,87.10,,0.0,87.10,4,87.40,3,18.77,
9918,欣天然,2000,2,67000,33.50,33.50,33.50,33.50,+,0.25,33.50,4,34.00,2,24.45,
9919,康那香,92179,49,983663,10.60,10.70,10.60,10.65,,0.0,10.65,8,10.70,11,0.00,
9921,巨大,2044719,"1,421",478987215,229.50,239.00,229.00,236.00,+,8.0,236.00,1,236.50,4,26.91,
9924,福興,549915,413,23531119,43.25,43.25,42.55,42.55,-,0.8,42.50,27,42.55,5,9.83,
9925,新保,1016820,546,37948959,37.10,37.60,37.00,37.50,X,0.0,37.50,53,37.55,16,17.52,
9926,新海,3000,3,119300,39.70,39.80,39.70,39.80,+,0.1,39.80,1,40.00,3,22.11,
9927,泰銘,162801,115,5315561,32.60,32.80,32.60,32.60,,0.0,32.60,2,32.65,1,19.76,
9928,中視,4023,4,19459,4.80,4.95,4.80,4.95,+,0.2,4.79,1,4.93,5,0.00,
9929,秋雨,51008,29,721562,14.55,14.55,14.00,14.05,-,0.5,14.05,1,14.20,2,0.00,
9930,中聯資源,104118,92,5278818,50.70,50.90,50.60,50.70,,0.0,50.70,6,50.90,5,14.08,
9931,欣高,4000,2,133750,33.45,33.45,33.40,33.40,-,0.05,33.40,1,33.55,1,17.04,
9933,中鼎,822327,542,37431021,45.10,45.65,45.10,45.65,X,0.0,45.55,1,45.65,19,20.11,
9934,成霖,156000,97,2519650,16.15,16.20,16.10,16.10,-,0.05,16.10,92,16.20,29,8.66,
9935,慶豐富,986100,388,24963965,25.30,25.55,25.10,25.30,+,0.15,25.30,7,25.40,2,16.87,
9937,全國,19060,16,823516,43.45,43.45,43.15,43.20,+,0.1,43.20,2,43.25,3,17.63,
9938,百和,1192093,954,111548108,93.10,94.40,92.80,93.70,+,0.6,93.70,1,93.80,29,19.94,
9939,宏全,998712,688,56036495,56.50,56.50,55.80,56.30,+,0.3,56.20,7,56.30,4,14.40,
9940,信義,232820,209,7360153,31.55,31.85,31.50,31.85,+,0.3,31.75,6,31.80,11,13.61,
9941,裕融,1007329,785,118593480,117.50,119.00,116.50,118.50,+,2.5,118.00,87,118.50,10,16.69,
9941A,裕融甲特,13973,14,752052,53.80,53.90,53.80,53.90,-,0.1,53.80,2,53.90,6,0.00,
9942,茂順,139137,103,10336584,74.30,74.50,74.00,74.30,,0.0,74.10,3,74.40,2,13.51,
9943,好樂迪,150266,104,10024622,66.70,66.80,66.70,66.70,,0.0,66.70,9,66.80,22,10.50,
9944,新麗,26269,19,459730,17.55,17.60,17.40,17.50,+,0.1,17.40,6,17.55,1,145.83,
9945,潤泰新,985387,622,40804314,41.15,41.75,41.10,41.75,+,0.7,41.75,1,41.80,79,4.42,
9946,三發地產,2260777,"1,089",51354719,22.80,23.10,22.15,22.80,-,0.05,22.75,33,22.80,6,7.81,
9955,佳龍,2321800,"1,071",43715208,18.45,19.10,18.25,19.10,+,0.65,19.05,1,19.10,13,0.00,
9958,世紀鋼,3658174,"2,229",292975848,79.40,80.90,79.40,79.80,,0.0,79.70,29,79.80,27,469.41,
